sample_id	subject_id	timepoint	treatment	reads	log_reads
001_V1	001	V1	pre	62456642	7.795578631
001_V2	001	V2	post	57010741	7.755956686
002_V1	002	V1	pre	62753082	7.79763506
002_V2	002	V2	post	62548488	7.796216816
004_V1	004	V1	pre	61929121	7.791894916
004_V2	004	V2	post	52085879	7.716719998
006_V3	006	V3	pre	62087425	7.793003648
006_V4	006	V4	post	49257047	7.692468372
010_V1	010	V1	pre	62707068	7.797316495
010_V2	010	V2	post	65148412	7.813903834
011_V3	011	V3	pre	61170901	7.786544877
011_V4	011	V4	post	61296549	7.787436024
020_V3	020	V3	pre	63571757	7.803264215
020_V4	020	V4	post	70868022	7.850450311
021_V1	021	V1	pre	68984436	7.838751118
021_V2	021	V2	post	62961527	7.799075252
023_V1	023	V1	pre	63431383	7.80230418
023_V2	023	V2	post	61179267	7.786604269
035_V3	035	V3	pre	55043512	7.740706136
035_V4	035	V4	post	59648409	7.775598864
042_V3	042	V3	pre	64643006	7.810521544
042_V4	042	V4	post	63069290	7.799817942
045_V3	045	V3	pre	53939413	7.731906216
045_V4	045	V4	post	53474652	7.728147967
047_V1	047	V1	pre	53492181	7.728290305
047_V2	047	V2	post	59552157	7.774897496
049_V3	049	V3	pre	57192553	7.757339483
049_V4	049	V4	post	58230818	7.765152891
054_V3	054	V3	pre	60161859	7.779321247
054_V4	054	V4	post	66256713	7.821229887
056_V1	056	V1	pre	62756541	7.797658998
056_V2	056	V2	post	48241105	7.683417247
057_V1	057	V1	pre	58616548	7.768020239
057_V2	057	V2	post	57620128	7.760574219
058_V1	058	V1	pre	55975690	7.747999456
058_V2	058	V2	post	59095899	7.771557344
061_V1	061	V1	pre	115613380	8.063008098
061_V2	061	V2	post	58054054	7.763832553
065_V3	065	V3	pre	54689392	7.737903095
065_V4	065	V4	post	58681332	7.768499963
066_V1	066	V1	pre	67945892	7.832163204
066_V2	066	V2	post	70634255	7.849015369
067_V3	067	V3	pre	53342424	7.727072747
067_V4	067	V4	post	57128142	7.7568501
072_V3	072	V3	pre	55443772	7.743852769
072_V4	072	V4	post	60408285	7.781096506
073_V1	073	V1	pre	66365073	7.821939576
073_V2	073	V2	post	57884468	7.762562046
075_V3	075	V3	pre	57597976	7.760407223
075_V4	075	V4	post	65089961	7.813514011
076_V1	076	V1	pre	64274337	7.808037606
076_V2	076	V2	post	56576491	7.752636008
077_V3	077	V3	pre	57085491	7.756525741
077_V4	077	V4	post	55409206	7.743581927
078_V1	078	V1	pre	48281659	7.683782184
078_V2	078	V2	post	61841338	7.791278877
081_V3	081	V3	pre	72996101	7.863299663
081_V4	081	V4	post	58610660	7.767976612
085_V3	085	V3	pre	64805353	7.811610881
085_V4	085	V4	post	62724189	7.797435055
086_V3	086	V3	pre	66448746	7.822486789
086_V4	086	V4	post	59172880	7.772122707
087_V3	087	V3	pre	64640302	7.810503377
087_V4	087	V4	post	63029254	7.799542167
091_V1	091	V1	pre	47856753	7.679943229
091_V2	091	V2	post	65635354	7.817137832
