GTDB_taxonomy	MO67
d__Bacteria	99.31110986222197
d__Archaea	0.688890137778028
d__Bacteria;p__Firmicutes_A	69.60153392030678
d__Bacteria;p__Firmicutes_C	7.64419152883831
d__Bacteria;p__Bacteroidota	8.16285163257033
d__Bacteria;p__Firmicutes	8.545371709074349
d__Bacteria;p__Actinobacteriota	4.782570956514194
d__Archaea;p__Methanobacteriota	0.688890137778028
d__Bacteria;p__Verrucomicrobiota	0.417300083460017
d__Bacteria;p__Proteobacteria	0.09804001960800399
d__Bacteria;p__Firmicutes_B	0.04364000872800177
d__Bacteria;p__Desulfobacterota_I	0.013620002724000555
d__Bacteria;p__Campylobacterota	0.001870000374000076
d__Bacteria;p__Patescibacteria	0.00012000002400000488
d__Bacteria;p__Firmicutes_A;c__Clostridia	69.60153392030679
d__Bacteria;p__Firmicutes_C;c__Negativicutes	7.644191528838311
d__Bacteria;p__Bacteroidota;c__Bacteroidia	8.162851632570332
d__Bacteria;p__Firmicutes;c__Bacilli	8.54537170907435
d__Bacteria;p__Actinobacteriota;c__Actinomycetia	2.9737905947581216
d__Bacteria;p__Actinobacteriota;c__Coriobacteriia	1.8087803617560736
d__Archaea;p__Methanobacteriota;c__Methanobacteria	0.6888901377780281
d__Bacteria;p__Verrucomicrobiota;c__Verrucomicrobiae	0.41730008346001707
d__Bacteria;p__Proteobacteria;c__Gammaproteobacteria	0.098040019608004
d__Bacteria;p__Firmicutes_B;c__Dehalobacteriia	0.02507000501400102
d__Bacteria;p__Firmicutes_B;c__Peptococcia	0.018570003714000756
d__Bacteria;p__Desulfobacterota_I;c__Desulfovibrionia	0.013620002724000557
d__Bacteria;p__Campylobacterota;c__Campylobacteria	0.0018700003740000763
d__Bacteria;p__Patescibacteria;c__Saccharimonadia	0.0001200000240000049
d__Bacteria;p__Firmicutes_A;c__Clostridia;o__Lachnospirales	47.59853951970791
d__Bacteria;p__Firmicutes_C;c__Negativicutes;o__Veillonellales	6.911261382252283
d__Bacteria;p__Bacteroidota;c__Bacteroidia;o__Bacteroidales	8.148431629686332
d__Bacteria;p__Firmicutes;c__Bacilli;o__Erysipelotrichales	4.0263408052681635
d__Bacteria;p__Firmicutes_A;c__Clostridia;o__Oscillospirales	18.697973739594765
d__Bacteria;p__Actinobacteriota;c__Actinomycetia;o__Actinomycetales	2.9737905947581216
d__Bacteria;p__Firmicutes;c__Bacilli;o__RF39	4.106720821344168
d__Bacteria;p__Actinobacteriota;c__Coriobacteriia;o__Coriobacteriales	1.8087803617560736
d__Bacteria;p__Firmicutes_C;c__Negativicutes;o__Acidaminococcales	0.7329301465860298
d__Archaea;p__Methanobacteriota;c__Methanobacteria;o__Methanobacteriales	0.6888901377780281
d__Bacteria;p__Firmicutes_A;c__Clostridia;o__Christensenellales	1.6996203399240692
d__Bacteria;p__Verrucomicrobiota;c__Verrucomicrobiae;o__Verrucomicrobiales	0.41730008346001707
d__Bacteria;p__Firmicutes_A;c__Clostridia;o__UBA1381	0.2926500585300119
d__Bacteria;p__Firmicutes;c__Bacilli;o__Lactobacillales	0.3908900781780159
d__Bacteria;p__Firmicutes_A;c__Clostridia;o__TANB77	0.6629001325800271
d__Bacteria;p__Firmicutes_A;c__Clostridia;o__Peptostreptococcales	0.6186401237280252
d__Bacteria;p__Proteobacteria;c__Gammaproteobacteria;o__Burkholderiales	0.08537001707400349
d__Bacteria;p__Firmicutes_B;c__Dehalobacteriia;o__UBA7702	0.02507000501400102
d__Bacteria;p__Firmicutes_B;c__Peptococcia;o__Peptococcales	0.018570003714000756
d__Bacteria;p__Firmicutes_A;c__Clostridia;o__Clostridiales	0.016510003302000673
d__Bacteria;p__Bacteroidota;c__Bacteroidia;o__Flavobacteriales	0.014420002884000587
d__Bacteria;p__Proteobacteria;c__Gammaproteobacteria;o__Enterobacterales	0.012670002534000517
d__Bacteria;p__Firmicutes_A;c__Clostridia;o__UMGS1883	0.012290002458000502
d__Bacteria;p__Desulfobacterota_I;c__Desulfovibrionia;o__Desulfovibrionales	0.013620002724000557
d__Bacteria;p__Firmicutes;c__Bacilli;o__ML615J-28	0.008190001638000334
d__Bacteria;p__Firmicutes;c__Bacilli;o__RFN20	0.007520001504000307
d__Bacteria;p__Firmicutes;c__Bacilli;o__Acholeplasmatales	0.003380000676000138
d__Bacteria;p__Firmicutes;c__Bacilli;o__Haloplasmatales_A	0.0023300004660000953
d__Bacteria;p__Campylobacterota;c__Campylobacteria;o__Campylobacterales	0.0018700003740000763
d__Bacteria;p__Firmicutes_A;c__Clostridia;o__Monoglobales	0.0018500003700000754
d__Bacteria;p__Firmicutes_A;c__Clostridia;o__Tissierellales	0.0005600001120000228
d__Bacteria;p__Patescibacteria;c__Saccharimonadia;o__Saccharimonadales	0.0001200000240000049
d__Bacteria;p__Firmicutes_A;c__Clostridia;o__Lachnospirales;f__Lachnospiraceae	47.320979464195894
d__Bacteria;p__Firmicutes_C;c__Negativicutes;o__Veillonellales;f__Dialisteraceae	6.8732513746502795
d__Bacteria;p__Bacteroidota;c__Bacteroidia;o__Bacteroidales;f__Rikenellaceae	3.914330782866159
d__Bacteria;p__Firmicutes;c__Bacilli;o__Erysipelotrichales;f__Erysipelotrichaceae	3.5042607008521416
d__Bacteria;p__Firmicutes_A;c__Clostridia;o__Oscillospirales;f__Acutalibacteraceae	4.634880926976187
d__Bacteria;p__Firmicutes_A;c__Clostridia;o__Oscillospirales;f__Ruminococcaceae	8.741391748278355
d__Bacteria;p__Bacteroidota;c__Bacteroidia;o__Bacteroidales;f__Bacteroidaceae	3.2870006574001334
d__Bacteria;p__Actinobacteriota;c__Actinomycetia;o__Actinomycetales;f__Bifidobacteriaceae	2.9364805872961197
d__Bacteria;p__Firmicutes;c__Bacilli;o__RF39;f__UBA660	4.106720821344167
d__Bacteria;p__Actinobacteriota;c__Coriobacteriia;o__Coriobacteriales;f__Coriobacteriaceae	1.1141302228260455
d__Bacteria;p__Firmicutes_C;c__Negativicutes;o__Acidaminococcales;f__Acidaminococcaceae	0.7329301465860297
d__Archaea;p__Methanobacteriota;c__Methanobacteria;o__Methanobacteriales;f__Methanobacteriaceae	0.688890137778028
d__Bacteria;p__Firmicutes_A;c__Clostridia;o__Christensenellales;f__CAG-74	1.1520902304180467
d__Bacteria;p__Firmicutes;c__Bacilli;o__Erysipelotrichales;f__Coprobacillaceae	0.5220801044160212
d__Bacteria;p__Firmicutes_A;c__Clostridia;o__Oscillospirales;f__Oscillospiraceae	4.6981909396381925
d__Bacteria;p__Verrucomicrobiota;c__Verrucomicrobiae;o__Verrucomicrobiales;f__Akkermansiaceae	0.417300083460017
d__Bacteria;p__Bacteroidota;c__Bacteroidia;o__Bacteroidales;f__Tannerellaceae	0.46968009393601906
d__Bacteria;p__Firmicutes_A;c__Clostridia;o__UBA1381;f__UBA1381	0.2926500585300119
d__Bacteria;p__Firmicutes;c__Bacilli;o__Lactobacillales;f__Streptococcaceae	0.3182300636460129
d__Bacteria;p__Firmicutes_A;c__Clostridia;o__Oscillospirales;f__Butyricicoccaceae	0.33901006780201376
d__Bacteria;p__Firmicutes_A;c__Clostridia;o__Lachnospirales;f__Anaerotignaceae	0.2529300505860103
d__Bacteria;p__Firmicutes_A;c__Clostridia;o__TANB77;f__CAG-508	0.662900132580027
d__Bacteria;p__Bacteroidota;c__Bacteroidia;o__Bacteroidales;f__Marinifilaceae	0.2333300466660095
d__Bacteria;p__Firmicutes_A;c__Clostridia;o__Peptostreptococcales;f__Anaerovoracaceae	0.47009009401801904
d__Bacteria;p__Actinobacteriota;c__Coriobacteriia;o__Coriobacteriales;f__Eggerthellaceae	0.5733601146720233
d__Bacteria;p__Bacteroidota;c__Bacteroidia;o__Bacteroidales;f__Muribaculaceae	0.17548003509600713
d__Bacteria;p__Firmicutes_A;c__Clostridia;o__Christensenellales;f__CAG-138	0.25765005153001047
d__Bacteria;p__Firmicutes_A;c__Clostridia;o__Peptostreptococcales;f__Peptostreptococcaceae	0.14855002971000603
d__Bacteria;p__Actinobacteriota;c__Coriobacteriia;o__Coriobacteriales;f__QAMH01	0.1058700211740043
d__Bacteria;p__Firmicutes_A;c__Clostridia;o__Oscillospirales;f__CAG-272	0.26375005275001073
d__Bacteria;p__Firmicutes;c__Bacilli;o__Lactobacillales;f__Lactobacillaceae	0.07023001404600285
d__Bacteria;p__Firmicutes_A;c__Clostridia;o__Christensenellales;f__Borkfalkiaceae	0.10633002126600431
d__Bacteria;p__Firmicutes_A;c__Clostridia;o__Christensenellales;f__UBA1750	0.054300010860002204
d__Bacteria;p__Firmicutes_A;c__Clostridia;o__Christensenellales;f__Christensenellaceae	0.0590400118080024
d__Bacteria;p__Bacteroidota;c__Bacteroidia;o__Bacteroidales;f__Barnesiellaceae	0.04516000903200183
d__Bacteria;p__Firmicutes_A;c__Clostridia;o__Christensenellales;f__QAND01	0.03891000778200158
d__Bacteria;p__Proteobacteria;c__Gammaproteobacteria;o__Burkholderiales;f__Burkholderiaceae	0.08537001707400348
d__Bacteria;p__Firmicutes_B;c__Dehalobacteriia;o__UBA7702;f__UBA7702	0.025070005014001015
d__Bacteria;p__Firmicutes_A;c__Clostridia;o__Lachnospirales;f__UBA1390	0.024630004926001002
d__Bacteria;p__Bacteroidota;c__Bacteroidia;o__Bacteroidales;f__UBA11471	0.022720004544000926
d__Bacteria;p__Firmicutes_B;c__Peptococcia;o__Peptococcales;f__Peptococcaceae	0.018570003714000756
d__Bacteria;p__Firmicutes_A;c__Clostridia;o__Christensenellales;f__MARSEILLE-P3954	0.016890003378000683
d__Bacteria;p__Actinobacteriota;c__Coriobacteriia;o__Coriobacteriales;f__UMGS124	0.015420003084000627
d__Bacteria;p__Firmicutes_C;c__Negativicutes;o__Veillonellales;f__Veillonellaceae	0.038010007602001544
d__Bacteria;p__Firmicutes_A;c__Clostridia;o__Clostridiales;f__Clostridiaceae	0.01651000330200067
d__Bacteria;p__Bacteroidota;c__Bacteroidia;o__Flavobacteriales;f__UBA1820	0.014420002884000586
d__Bacteria;p__Firmicutes_A;c__Clostridia;o__Oscillospirales;f__CAG-382	0.01915000383000078
d__Bacteria;p__Proteobacteria;c__Gammaproteobacteria;o__Enterobacterales;f__Enterobacteriaceae	0.012670002534000515
d__Bacteria;p__Firmicutes_A;c__Clostridia;o__UMGS1883;f__UMGS1883	0.0122900024580005
d__Bacteria;p__Firmicutes_A;c__Clostridia;o__Christensenellales;f__CAG-552	0.01211000242200049
d__Bacteria;p__Desulfobacterota_I;c__Desulfovibrionia;o__Desulfovibrionales;f__Desulfovibrionaceae	0.013620002724000555
d__Bacteria;p__Firmicutes;c__Bacilli;o__ML615J-28;f__CAG-313	0.008190001638000332
d__Bacteria;p__Firmicutes;c__Bacilli;o__RFN20;f__CAG-449	0.007520001504000305
d__Bacteria;p__Actinobacteriota;c__Actinomycetia;o__Actinomycetales;f__Actinomycetaceae	0.03249000649800132
d__Bacteria;p__Actinobacteriota;c__Actinomycetia;o__Actinomycetales;f__Micrococcaceae	0.004820000964000195
d__Bacteria;p__Firmicutes;c__Bacilli;o__Acholeplasmatales;f__Anaeroplasmataceae	0.0033800006760001376
d__Bacteria;p__Firmicutes;c__Bacilli;o__Lactobacillales;f__Enterococcaceae	0.0024300004860000985
d__Bacteria;p__Firmicutes;c__Bacilli;o__Haloplasmatales_A;f__Turicibacteraceae	0.002330000466000095
d__Bacteria;p__Firmicutes_A;c__Clostridia;o__Christensenellales;f__CAG-314	0.0019300003860000785
d__Bacteria;p__Campylobacterota;c__Campylobacteria;o__Campylobacterales;f__Campylobacteraceae	0.001870000374000076
d__Bacteria;p__Firmicutes_A;c__Clostridia;o__Oscillospirales;f__BX7	0.0014600002920000593
d__Bacteria;p__Firmicutes_A;c__Clostridia;o__Monoglobales;f__Monoglobaceae	0.0018500003700000751
d__Bacteria;p__Bacteroidota;c__Bacteroidia;o__Bacteroidales;f__Coprobacteraceae	0.0007300001460000296
d__Bacteria;p__Firmicutes_A;c__Clostridia;o__Tissierellales;f__Peptoniphilaceae	0.0005600001120000227
d__Bacteria;p__Firmicutes_A;c__Clostridia;o__Christensenellales;f__GCA-900066905	0.0002900000580000118
d__Bacteria;p__Firmicutes_A;c__Clostridia;o__Oscillospirales;f__UBA644	0.00014000002800000568
d__Bacteria;p__Patescibacteria;c__Saccharimonadia;o__Saccharimonadales;f__Nanogingivalaceae	0.00012000002400000488
d__Bacteria;p__Firmicutes_A;c__Clostridia;o__Christensenellales;f__NSJ-53	8.000001600000325e-05
d__Bacteria;p__Firmicutes_A;c__Clostridia;o__Lachnospirales;f__Lachnospiraceae;g__Agathobacter	10.334742066948412
d__Bacteria;p__Firmicutes_C;c__Negativicutes;o__Veillonellales;f__Dialisteraceae;g__Dialister	6.858691371738274
d__Bacteria;p__Firmicutes_A;c__Clostridia;o__Lachnospirales;f__Lachnospiraceae;g__Coprococcus	12.599912519982503
d__Bacteria;p__Firmicutes_A;c__Clostridia;o__Lachnospirales;f__Lachnospiraceae;g__Blautia_A	7.27459145491829
d__Bacteria;p__Bacteroidota;c__Bacteroidia;o__Bacteroidales;f__Rikenellaceae;g__Alistipes	3.8758607751721548
d__Bacteria;p__Firmicutes;c__Bacilli;o__Erysipelotrichales;f__Erysipelotrichaceae;g__Holdemanella	3.4712906942581383
d__Bacteria;p__Firmicutes_A;c__Clostridia;o__Oscillospirales;f__Acutalibacteraceae;g__Eubacterium_R	2.175200435040087
d__Bacteria;p__Firmicutes_A;c__Clostridia;o__Lachnospirales;f__Lachnospiraceae;g__UMGS1375	1.774940354988071
d__Bacteria;p__Firmicutes_A;c__Clostridia;o__Oscillospirales;f__Ruminococcaceae;g__Gemmiger	1.9611203922240785
d__Bacteria;p__Bacteroidota;c__Bacteroidia;o__Bacteroidales;f__Bacteroidaceae;g__Prevotella	1.9425803885160777
d__Bacteria;p__Actinobacteriota;c__Actinomycetia;o__Actinomycetales;f__Bifidobacteriaceae;g__Bifidobacterium	2.9364805872961175
d__Bacteria;p__Firmicutes_A;c__Clostridia;o__Lachnospirales;f__Lachnospiraceae;g__Anaerobutyricum	1.670230334046067
d__Bacteria;p__Firmicutes;c__Bacilli;o__RF39;f__UBA660;g__Onthocola_B	1.6385403277080655
d__Bacteria;p__Firmicutes_A;c__Clostridia;o__Lachnospirales;f__Lachnospiraceae;g__Acetatifactor	1.299680259936052
d__Bacteria;p__Actinobacteriota;c__Coriobacteriia;o__Coriobacteriales;f__Coriobacteriaceae;g__Collinsella	1.1141302228260446
d__Bacteria;p__Firmicutes_A;c__Clostridia;o__Oscillospirales;f__Ruminococcaceae;g__Ruminococcus_C	1.0686102137220428
d__Bacteria;p__Firmicutes_A;c__Clostridia;o__Lachnospirales;f__Lachnospiraceae;g__Lachnospira	1.451730290346058
d__Bacteria;p__Firmicutes_A;c__Clostridia;o__Lachnospirales;f__Lachnospiraceae;g__Anaerostipes	1.6432503286500655
d__Bacteria;p__Firmicutes_A;c__Clostridia;o__Oscillospirales;f__Ruminococcaceae;g__Faecalibacterium	4.062430812486162
d__Bacteria;p__Firmicutes_A;c__Clostridia;o__Lachnospirales;f__Lachnospiraceae;g__Fusicatenibacter	0.9433101886620376
d__Bacteria;p__Firmicutes_A;c__Clostridia;o__Lachnospirales;f__Lachnospiraceae;g__Mediterraneibacter	0.9025901805180361
d__Bacteria;p__Firmicutes;c__Bacilli;o__RF39;f__UBA660;g__CAG-302	1.5598203119640623
d__Bacteria;p__Firmicutes_C;c__Negativicutes;o__Acidaminococcales;f__Acidaminococcaceae;g__Phascolarctobacterium	0.7329301465860292
d__Bacteria;p__Firmicutes_A;c__Clostridia;o__Oscillospirales;f__Ruminococcaceae;g__Ruminiclostridium_E	0.6921501384300277
d__Archaea;p__Methanobacteriota;c__Methanobacteria;o__Methanobacteriales;f__Methanobacteriaceae;g__Methanobrevibacter_A	0.6888901377780274
d__Bacteria;p__Firmicutes_A;c__Clostridia;o__Christensenellales;f__CAG-74;g__UBA11524	0.677170135434027
d__Bacteria;p__Firmicutes;c__Bacilli;o__RF39;f__UBA660;g__UBA6448	0.6280801256160251
d__Bacteria;p__Firmicutes_A;c__Clostridia;o__Lachnospirales;f__Lachnospiraceae;g__Dorea	0.624260124852025
d__Bacteria;p__Firmicutes_A;c__Clostridia;o__Oscillospirales;f__Acutalibacteraceae;g__CAG-177	0.6181201236240247
d__Bacteria;p__Firmicutes_A;c__Clostridia;o__Lachnospirales;f__Lachnospiraceae;g__CAG-95	0.8880401776080354
d__Bacteria;p__Firmicutes_A;c__Clostridia;o__Lachnospirales;f__Lachnospiraceae;g__Dorea_A	0.6143701228740245
d__Bacteria;p__Firmicutes;c__Bacilli;o__Erysipelotrichales;f__Coprobacillaceae;g__Faecalibacillus	0.5220801044160208
d__Bacteria;p__Bacteroidota;c__Bacteroidia;o__Bacteroidales;f__Bacteroidaceae;g__Phocaeicola	0.7750501550100309
d__Bacteria;p__Firmicutes_A;c__Clostridia;o__Oscillospirales;f__Acutalibacteraceae;g__UBA1417	0.5175301035060207
d__Bacteria;p__Firmicutes_A;c__Clostridia;o__Oscillospirales;f__Oscillospiraceae;g__Dysosmobacter	0.7929001585800317
d__Bacteria;p__Firmicutes_A;c__Clostridia;o__Oscillospirales;f__Acutalibacteraceae;g__Ruminococcus_E	0.5073501014700202
d__Bacteria;p__Firmicutes_A;c__Clostridia;o__Oscillospirales;f__Ruminococcaceae;g__Ruminococcus	0.4643900928780185
d__Bacteria;p__Firmicutes_A;c__Clostridia;o__Oscillospirales;f__Oscillospiraceae;g__CAG-83	0.9907001981400396
d__Bacteria;p__Verrucomicrobiota;c__Verrucomicrobiae;o__Verrucomicrobiales;f__Akkermansiaceae;g__Akkermansia	0.4173000834600167
d__Bacteria;p__Firmicutes_A;c__Clostridia;o__Lachnospirales;f__Lachnospiraceae;g__Coprococcus_A	0.4650400930080185
d__Bacteria;p__Firmicutes_A;c__Clostridia;o__Lachnospirales;f__Lachnospiraceae;g__KLE1615	0.3698200739640148
d__Bacteria;p__Firmicutes_A;c__Clostridia;o__Oscillospirales;f__Oscillospiraceae;g__CAG-170	0.8884301776860354
d__Bacteria;p__Bacteroidota;c__Bacteroidia;o__Bacteroidales;f__Bacteroidaceae;g__Bacteroides	0.5693701138740226
d__Bacteria;p__Firmicutes_A;c__Clostridia;o__Lachnospirales;f__Lachnospiraceae;g__Oliverpabstia	0.5355401071080214
d__Bacteria;p__Bacteroidota;c__Bacteroidia;o__Bacteroidales;f__Tannerellaceae;g__Parabacteroides	0.4696800939360187
d__Bacteria;p__Firmicutes_A;c__Clostridia;o__Lachnospirales;f__Lachnospiraceae;g__Eubacterium_G	0.4907000981400195
d__Bacteria;p__Firmicutes_A;c__Clostridia;o__Lachnospirales;f__Lachnospiraceae;g__Bariatricus	0.2906200581240116
d__Bacteria;p__Firmicutes_A;c__Clostridia;o__UBA1381;f__UBA1381;g__CAG-41	0.28682005736401145
d__Bacteria;p__Firmicutes;c__Bacilli;o__RF39;f__UBA660;g__Aphodocola	0.2802800560560112
d__Bacteria;p__Firmicutes_A;c__Clostridia;o__Oscillospirales;f__Oscillospiraceae;g__CAG-103	0.35041007008201397
d__Bacteria;p__Firmicutes_A;c__Clostridia;o__Oscillospirales;f__Oscillospiraceae;g__Limivicinus	0.28221005644201125
d__Bacteria;p__Firmicutes_A;c__Clostridia;o__Oscillospirales;f__Oscillospiraceae;g__ER4	0.48962009792401956
d__Bacteria;p__Firmicutes;c__Bacilli;o__Lactobacillales;f__Streptococcaceae;g__Streptococcus	0.301620060324012
d__Bacteria;p__Firmicutes_A;c__Clostridia;o__Lachnospirales;f__Lachnospiraceae;g__CAG-127	0.24684004936800988
d__Bacteria;p__Firmicutes_A;c__Clostridia;o__Oscillospirales;f__Butyricicoccaceae;g__Agathobaculum	0.3317800663560132
d__Bacteria;p__Firmicutes_A;c__Clostridia;o__Lachnospirales;f__Lachnospiraceae;g__Limivivens	0.2924600584920117
d__Bacteria;p__Firmicutes_A;c__Clostridia;o__Lachnospirales;f__Lachnospiraceae;g__Eubacterium_F	0.3525000705000141
d__Bacteria;p__Firmicutes_A;c__Clostridia;o__Oscillospirales;f__Oscillospiraceae;g__Evtepia	0.22364004472800894
d__Bacteria;p__Firmicutes_A;c__Clostridia;o__Lachnospirales;f__Anaerotignaceae;g__Anaerotignum	0.22312004462400892
d__Bacteria;p__Firmicutes_A;c__Clostridia;o__Oscillospirales;f__Acutalibacteraceae;g__UMGS172	0.2206700441340088
d__Bacteria;p__Firmicutes_A;c__Clostridia;o__TANB77;f__CAG-508;g__CAG-269	0.3362400672480134
d__Bacteria;p__Bacteroidota;c__Bacteroidia;o__Bacteroidales;f__Marinifilaceae;g__Odoribacter	0.21625004325000863
d__Bacteria;p__Firmicutes_A;c__Clostridia;o__Peptostreptococcales;f__Anaerovoracaceae;g__Copromorpha	0.2935100587020117
d__Bacteria;p__Firmicutes_A;c__Clostridia;o__Oscillospirales;f__Acutalibacteraceae;g__UMGS856	0.2126100425220085
d__Bacteria;p__Actinobacteriota;c__Coriobacteriia;o__Coriobacteriales;f__Eggerthellaceae;g__Aphodovivens	0.2083100416620083
d__Bacteria;p__Firmicutes_A;c__Clostridia;o__Lachnospirales;f__Lachnospiraceae;g__UBA11774	0.1827900365580073
d__Bacteria;p__Bacteroidota;c__Bacteroidia;o__Bacteroidales;f__Muribaculaceae;g__UBA7173	0.175480035096007
d__Bacteria;p__Firmicutes_A;c__Clostridia;o__Lachnospirales;f__Lachnospiraceae;g__AM51-8	0.17384003476800694
d__Bacteria;p__Firmicutes_A;c__Clostridia;o__Lachnospirales;f__Lachnospiraceae;g__Roseburia	0.21028004205600842
d__Bacteria;p__Firmicutes_A;c__Clostridia;o__Lachnospirales;f__Lachnospiraceae;g__Pseudolachnospira	0.17355003471000693
d__Bacteria;p__Firmicutes_A;c__Clostridia;o__Christensenellales;f__CAG-138;g__PeH17	0.1695400339080068
d__Bacteria;p__Firmicutes_A;c__Clostridia;o__Oscillospirales;f__Ruminococcaceae;g__RGIG3102	0.15826003165200633
d__Bacteria;p__Firmicutes_A;c__Clostridia;o__TANB77;f__CAG-508;g__CAG-245	0.15393003078600614
d__Bacteria;p__Firmicutes_A;c__Clostridia;o__Peptostreptococcales;f__Peptostreptococcaceae;g__Romboutsia	0.14855002971000592
d__Bacteria;p__Firmicutes_A;c__Clostridia;o__Oscillospirales;f__Acutalibacteraceae;g__UMGS1071	0.14333002866600575
d__Bacteria;p__Firmicutes_A;c__Clostridia;o__Lachnospirales;f__Lachnospiraceae;g__RUG115	0.14229002845800567
d__Bacteria;p__Firmicutes_A;c__Clostridia;o__Lachnospirales;f__Lachnospiraceae;g__Butyribacter	0.18795003759000753
d__Bacteria;p__Firmicutes_A;c__Clostridia;o__Oscillospirales;f__Ruminococcaceae;g__Angelakisella	0.14467002893400577
d__Bacteria;p__Firmicutes_A;c__Clostridia;o__Oscillospirales;f__Acutalibacteraceae;g__UBA737	0.16432003286400654
d__Bacteria;p__Firmicutes_A;c__Clostridia;o__Lachnospirales;f__Lachnospiraceae;g__Clostridium_Q	0.11966002393200478
d__Bacteria;p__Firmicutes_A;c__Clostridia;o__Christensenellales;f__CAG-74;g__Ventricola	0.2310100462020092
d__Bacteria;p__Firmicutes_A;c__Clostridia;o__Lachnospirales;f__Lachnospiraceae;g__Choladousia	0.15556003111200623
d__Bacteria;p__Actinobacteriota;c__Coriobacteriia;o__Coriobacteriales;f__QAMH01;g__QAMH01	0.10587002117400422
d__Bacteria;p__Actinobacteriota;c__Coriobacteriia;o__Coriobacteriales;f__Eggerthellaceae;g__Senegalimassilia	0.1026100205220041
d__Bacteria;p__Actinobacteriota;c__Coriobacteriia;o__Coriobacteriales;f__Eggerthellaceae;g__Adlercreutzia	0.09381001876200375
d__Bacteria;p__Firmicutes_A;c__Clostridia;o__TANB77;f__CAG-508;g__CAG-793	0.0925600185120037
d__Bacteria;p__Firmicutes_A;c__Clostridia;o__Oscillospirales;f__Oscillospiraceae;g__Faecousia	0.2916700583340116
d__Bacteria;p__Firmicutes_A;c__Clostridia;o__Lachnospirales;f__Lachnospiraceae;g__Eubacterium_I	0.1804900360980072
d__Bacteria;p__Firmicutes_A;c__Clostridia;o__Lachnospirales;f__Lachnospiraceae;g__Lachnoclostridium_B	0.08168001633600327
d__Bacteria;p__Firmicutes_A;c__Clostridia;o__Peptostreptococcales;f__Anaerovoracaceae;g__CAG-238	0.0901000180200036
d__Bacteria;p__Firmicutes_A;c__Clostridia;o__Oscillospirales;f__CAG-272;g__CAG-272	0.07440001488000296
d__Bacteria;p__Firmicutes_A;c__Clostridia;o__TANB77;f__CAG-508;g__CAG-452	0.0723400144680029
d__Bacteria;p__Firmicutes;c__Bacilli;o__Lactobacillales;f__Lactobacillaceae;g__Ligilactobacillus	0.06987001397400279
d__Bacteria;p__Firmicutes_A;c__Clostridia;o__Christensenellales;f__Borkfalkiaceae;g__UBA10281	0.07747001549400309
d__Bacteria;p__Actinobacteriota;c__Coriobacteriia;o__Coriobacteriales;f__Eggerthellaceae;g__CAG-1427	0.08821001764200352
d__Bacteria;p__Firmicutes_A;c__Clostridia;o__Oscillospirales;f__Oscillospiraceae;g__HGM13006	0.07116001423200284
d__Bacteria;p__Firmicutes_A;c__Clostridia;o__Lachnospirales;f__Lachnospiraceae;g__UBA3402	0.06483001296600259
d__Bacteria;p__Firmicutes_A;c__Clostridia;o__Oscillospirales;f__Oscillospiraceae;g__UBA738	0.06250001250000249
d__Bacteria;p__Firmicutes_A;c__Clostridia;o__Lachnospirales;f__Lachnospiraceae;g__Eisenbergiella	0.060860012172002424
d__Bacteria;p__Firmicutes_A;c__Clostridia;o__Oscillospirales;f__Ruminococcaceae;g__UBA3818	0.06011001202200239
d__Bacteria;p__Firmicutes_A;c__Clostridia;o__Lachnospirales;f__Lachnospiraceae;g__Enterocloster	0.09228001845600368
d__Bacteria;p__Firmicutes_A;c__Clostridia;o__Lachnospirales;f__Lachnospiraceae;g__Choladocola	0.11973002394600477
d__Bacteria;p__Firmicutes_A;c__Clostridia;o__Oscillospirales;f__Oscillospiraceae;g__Lawsonibacter	0.11961002392200476
d__Bacteria;p__Firmicutes_A;c__Clostridia;o__Oscillospirales;f__Acutalibacteraceae;g__NSJ-40	0.0551800110360022
d__Bacteria;p__Firmicutes_A;c__Clostridia;o__Christensenellales;f__UBA1750;g__Spyradocola	0.05430001086000216
d__Bacteria;p__Firmicutes_A;c__Clostridia;o__Christensenellales;f__Christensenellaceae;g__QANA01	0.054210010842002165
d__Bacteria;p__Actinobacteriota;c__Coriobacteriia;o__Coriobacteriales;f__Eggerthellaceae;g__CAJFUR01	0.05203001040600208
d__Bacteria;p__Firmicutes_A;c__Clostridia;o__Christensenellales;f__CAG-138;g__SFEL01	0.050820010164002026
d__Bacteria;p__Firmicutes_A;c__Clostridia;o__Peptostreptococcales;f__Anaerovoracaceae;g__UMGS973	0.05032001006400201
d__Bacteria;p__Firmicutes_A;c__Clostridia;o__Christensenellales;f__CAG-74;g__Faecivicinus	0.06494001298800259
d__Bacteria;p__Firmicutes_A;c__Clostridia;o__Oscillospirales;f__CAG-272;g__UMGS1696	0.0701300140260028
d__Bacteria;p__Firmicutes_A;c__Clostridia;o__Christensenellales;f__CAG-74;g__SFMI01	0.042880008576001716
d__Bacteria;p__Bacteroidota;c__Bacteroidia;o__Bacteroidales;f__Barnesiellaceae;g__Barnesiella	0.042400008480001694
d__Bacteria;p__Firmicutes_A;c__Clostridia;o__Christensenellales;f__QAND01;g__UMGS1975	0.03891000778200155
d__Bacteria;p__Firmicutes_A;c__Clostridia;o__Lachnospirales;f__Lachnospiraceae;g__Mediterraneibacter_A	0.05362001072400214
d__Bacteria;p__Firmicutes_A;c__Clostridia;o__Christensenellales;f__CAG-74;g__Fimadaptatus	0.03527000705400141
d__Bacteria;p__Proteobacteria;c__Gammaproteobacteria;o__Burkholderiales;f__Burkholderiaceae;g__Oxalobacter	0.03522000704400141
d__Bacteria;p__Firmicutes_A;c__Clostridia;o__Peptostreptococcales;f__Anaerovoracaceae;g__RGIG7444	0.033780006756001346
d__Bacteria;p__Proteobacteria;c__Gammaproteobacteria;o__Burkholderiales;f__Burkholderiaceae;g__Sutterella	0.045990009198001836
d__Bacteria;p__Firmicutes_A;c__Clostridia;o__Oscillospirales;f__Oscillospiraceae;g__UMGS1766	0.03279000655800131
d__Bacteria;p__Firmicutes_A;c__Clostridia;o__Lachnospirales;f__Lachnospiraceae;g__Merdisoma	0.055040011008002196
d__Bacteria;p__Firmicutes_A;c__Clostridia;o__Lachnospirales;f__Lachnospiraceae;g__Copromonas	0.042400008480001694
d__Bacteria;p__Firmicutes_A;c__Clostridia;o__Lachnospirales;f__Lachnospiraceae;g__JAGTTR01	0.03054000610800122
d__Bacteria;p__Firmicutes_A;c__Clostridia;o__Oscillospirales;f__CAG-272;g__CAG-390	0.029420005884001177
d__Bacteria;p__Firmicutes_A;c__Clostridia;o__Oscillospirales;f__Ruminococcaceae;g__CAG-115	0.029110005822001163
d__Bacteria;p__Firmicutes_A;c__Clostridia;o__Christensenellales;f__Borkfalkiaceae;g__UBA7597	0.028860005772001155
d__Bacteria;p__Firmicutes_A;c__Clostridia;o__Oscillospirales;f__CAG-272;g__UMGS1312	0.02864000572800114
d__Bacteria;p__Firmicutes_A;c__Clostridia;o__Oscillospirales;f__Ruminococcaceae;g__UBA866	0.026980005396001077
d__Bacteria;p__Firmicutes_A;c__Clostridia;o__Lachnospirales;f__Lachnospiraceae;g__Ventrimonas	0.04463000892600178
d__Bacteria;p__Firmicutes_A;c__Clostridia;o__Lachnospirales;f__Anaerotignaceae;g__Metalachnospira	0.026150005230001043
d__Bacteria;p__Firmicutes_A;c__Clostridia;o__Christensenellales;f__CAG-74;g__Limiplasma	0.04842000968400193
d__Bacteria;p__Firmicutes_A;c__Clostridia;o__Christensenellales;f__CAG-138;g__Phil1	0.025450005090001015
d__Bacteria;p__Firmicutes_B;c__Dehalobacteriia;o__UBA7702;f__UBA7702;g__UBA7702	0.025070005014000998
d__Bacteria;p__Firmicutes;c__Bacilli;o__Erysipelotrichales;f__Erysipelotrichaceae;g__Faecalitalea	0.024660004932000986
d__Bacteria;p__Firmicutes_A;c__Clostridia;o__Lachnospirales;f__UBA1390;g__Faecimorpha	0.024630004926000985
d__Bacteria;p__Firmicutes_A;c__Clostridia;o__Oscillospirales;f__Oscillospiraceae;g__Onthomonas	0.023940004788000957
d__Bacteria;p__Firmicutes_A;c__Clostridia;o__Christensenellales;f__CAG-74;g__SFTH01	0.02372000474400095
d__Bacteria;p__Firmicutes_A;c__Clostridia;o__Oscillospirales;f__CAG-272;g__UBA11512	0.023080004616000918
d__Bacteria;p__Bacteroidota;c__Bacteroidia;o__Bacteroidales;f__UBA11471;g__UBA11471	0.02272000454400091
d__Bacteria;p__Firmicutes_A;c__Clostridia;o__Oscillospirales;f__Oscillospiraceae;g__	0.022680004536000904
d__Bacteria;p__Actinobacteriota;c__Coriobacteriia;o__Coriobacteriales;f__Eggerthellaceae;g__Slackia_A	0.021960004392000878
d__Bacteria;p__Firmicutes_A;c__Clostridia;o__Oscillospirales;f__Ruminococcaceae;g__Ruthenibacterium	0.021440004288000858
d__Bacteria;p__Firmicutes_A;c__Clostridia;o__Oscillospirales;f__Oscillospiraceae;g__F23-B02	0.032350006470001295
d__Bacteria;p__Firmicutes_A;c__Clostridia;o__Lachnospirales;f__Lachnospiraceae;g__Marvinbryantia	0.03888000777600155
d__Bacteria;p__Firmicutes_B;c__Peptococcia;o__Peptococcales;f__Peptococcaceae;g__QAKL01	0.018570003714000742
d__Bacteria;p__Bacteroidota;c__Bacteroidia;o__Bacteroidales;f__Rikenellaceae;g__Alistipes_A	0.03847000769400153
d__Bacteria;p__Firmicutes_A;c__Clostridia;o__Christensenellales;f__MARSEILLE-P3954;g__RGIG9107	0.016890003378000673
d__Bacteria;p__Firmicutes_A;c__Clostridia;o__Oscillospirales;f__CAG-272;g__Flemingibacterium	0.01630000326000065
d__Bacteria;p__Actinobacteriota;c__Coriobacteriia;o__Coriobacteriales;f__UMGS124;g__UMGS124	0.015420003084000615
d__Bacteria;p__Firmicutes_C;c__Negativicutes;o__Veillonellales;f__Veillonellaceae;g__Veillonella	0.038010007602001517
d__Bacteria;p__Firmicutes;c__Bacilli;o__Lactobacillales;f__Streptococcaceae;g__Lactococcus	0.016610003322000664
d__Bacteria;p__Firmicutes_A;c__Clostridia;o__Clostridiales;f__Clostridiaceae;g__Clostridium	0.01651000330200066
d__Bacteria;p__Firmicutes_C;c__Negativicutes;o__Veillonellales;f__Dialisteraceae;g__Allisonella	0.014560002912000582
d__Bacteria;p__Bacteroidota;c__Bacteroidia;o__Flavobacteriales;f__UBA1820;g__Merdimorpha	0.014420002884000575
d__Bacteria;p__Firmicutes_A;c__Clostridia;o__Lachnospirales;f__Lachnospiraceae;g__V9D3004	0.014350002870000574
d__Bacteria;p__Firmicutes_A;c__Clostridia;o__Lachnospirales;f__Lachnospiraceae;g__CAJJNI01	0.013370002674000533
d__Bacteria;p__Firmicutes_A;c__Clostridia;o__Oscillospirales;f__CAG-382;g__UMGS882	0.012750002550000509
d__Bacteria;p__Proteobacteria;c__Gammaproteobacteria;o__Enterobacterales;f__Enterobacteriaceae;g__Escherichia	0.012670002534000507
d__Bacteria;p__Bacteroidota;c__Bacteroidia;o__Bacteroidales;f__Marinifilaceae;g__Butyricimonas	0.015220003044000608
d__Bacteria;p__Firmicutes_A;c__Clostridia;o__UMGS1883;f__UMGS1883;g__UMGS1883	0.012290002458000491
d__Bacteria;p__Firmicutes_A;c__Clostridia;o__Oscillospirales;f__Ruminococcaceae;g__SFJ001	0.011850002370000473
d__Bacteria;p__Firmicutes_A;c__Clostridia;o__Christensenellales;f__CAG-138;g__RUG472	0.011840002368000473
d__Bacteria;p__Firmicutes_A;c__Clostridia;o__Christensenellales;f__CAG-74;g__Firm-10	0.011440002288000458
d__Bacteria;p__Firmicutes_A;c__Clostridia;o__Christensenellales;f__CAG-552;g__UMGS1795	0.010690002138000426
d__Bacteria;p__Firmicutes_A;c__Clostridia;o__Oscillospirales;f__Ruminococcaceae;g__Massilimaliae	0.010690002138000426
d__Bacteria;p__Firmicutes_A;c__Clostridia;o__Oscillospirales;f__CAG-272;g__CAG-724	0.010430002086000416
d__Bacteria;p__Firmicutes_A;c__Clostridia;o__Oscillospirales;f__Acutalibacteraceae;g__CAG-557	0.0100600020120004
d__Bacteria;p__Firmicutes_A;c__Clostridia;o__Oscillospirales;f__Oscillospiraceae;g__RGIG7114	0.010010002002000399
d__Bacteria;p__Firmicutes_A;c__Clostridia;o__Oscillospirales;f__Oscillospiraceae;g__Instestinimonas_A	0.009820001964000393
d__Bacteria;p__Firmicutes_A;c__Clostridia;o__Oscillospirales;f__Ruminococcaceae;g__Merdivicinus	0.009570001914000382
d__Bacteria;p__Desulfobacterota_I;c__Desulfovibrionia;o__Desulfovibrionales;f__Desulfovibrionaceae;g__Desulfovibrio	0.008920001784000358
d__Bacteria;p__Firmicutes;c__Bacilli;o__ML615J-28;f__CAG-313;g__CAG-313	0.008190001638000327
d__Bacteria;p__Firmicutes_A;c__Clostridia;o__TANB77;f__CAG-508;g__Merdicola	0.007830001566000312
d__Bacteria;p__Firmicutes;c__Bacilli;o__Erysipelotrichales;f__Erysipelotrichaceae;g__Holdemania	0.007800001560000311
d__Bacteria;p__Firmicutes_A;c__Clostridia;o__Lachnospirales;f__Lachnospiraceae;g__CAG-317	0.007690001538000307
d__Bacteria;p__Firmicutes;c__Bacilli;o__RFN20;f__CAG-449;g__CAG-449	0.0075200015040003
d__Bacteria;p__Firmicutes_A;c__Clostridia;o__Christensenellales;f__CAG-74;g__Egerieenecus	0.007370001474000294
d__Bacteria;p__Firmicutes_A;c__Clostridia;o__Oscillospirales;f__Acutalibacteraceae;g__Clostridium_A	0.007270001454000291
d__Bacteria;p__Firmicutes_A;c__Clostridia;o__Oscillospirales;f__Butyricicoccaceae;g__	0.0072300014460002894
d__Bacteria;p__Firmicutes_A;c__Clostridia;o__Oscillospirales;f__Ruminococcaceae;g__Ruminococcus_D	0.00678000135600027
d__Bacteria;p__Actinobacteriota;c__Actinomycetia;o__Actinomycetales;f__Actinomycetaceae;g__Pauljensenia	0.02325000465000093
d__Bacteria;p__Firmicutes_A;c__Clostridia;o__UBA1381;f__UBA1381;g__HGM11525	0.005830001166000232
d__Bacteria;p__Firmicutes_A;c__Clostridia;o__Oscillospirales;f__CAG-272;g__UMGS911	0.005440001088000217
d__Bacteria;p__Firmicutes_A;c__Clostridia;o__Christensenellales;f__CAG-74;g__Aphodomonas	0.0052100010420002086
d__Bacteria;p__Firmicutes_A;c__Clostridia;o__Oscillospirales;f__CAG-272;g__CAG-448	0.005160001032000206
d__Bacteria;p__Firmicutes_A;c__Clostridia;o__Lachnospirales;f__Lachnospiraceae;g__Scatomonas	0.005070001014000202
d__Bacteria;p__Actinobacteriota;c__Actinomycetia;o__Actinomycetales;f__Micrococcaceae;g__Rothia	0.004820000964000193
d__Bacteria;p__Firmicutes_A;c__Clostridia;o__Christensenellales;f__Christensenellaceae;g__NSJ-63	0.00477000095400019
d__Bacteria;p__Desulfobacterota_I;c__Desulfovibrionia;o__Desulfovibrionales;f__Desulfovibrionaceae;g__Bilophila	0.004700000940000188
d__Bacteria;p__Firmicutes_A;c__Clostridia;o__Christensenellales;f__CAG-74;g__RUG11247	0.004660000932000186
d__Bacteria;p__Firmicutes_A;c__Clostridia;o__Oscillospirales;f__CAG-382;g__Woodwardibium	0.004340000868000174
d__Bacteria;p__Proteobacteria;c__Gammaproteobacteria;o__Burkholderiales;f__Burkholderiaceae;g__Parasutterella	0.004160000832000166
d__Bacteria;p__Firmicutes_A;c__Clostridia;o__Oscillospirales;f__Ruminococcaceae;g__Massilioclostridium	0.004070000814000162
d__Bacteria;p__Actinobacteriota;c__Coriobacteriia;o__Coriobacteriales;f__Eggerthellaceae;g__Raoultibacter	0.003830000766000153
d__Bacteria;p__Firmicutes_A;c__Clostridia;o__Lachnospirales;f__Anaerotignaceae;g__HGM11808	0.003660000732000146
d__Bacteria;p__Firmicutes;c__Bacilli;o__Acholeplasmatales;f__Anaeroplasmataceae;g__CAG-307	0.003380000676000135
d__Bacteria;p__Firmicutes_A;c__Clostridia;o__Oscillospirales;f__Ruminococcaceae;g__Bittarella	0.0031700006340001268
d__Bacteria;p__Firmicutes_A;c__Clostridia;o__Oscillospirales;f__Ruminococcaceae;g__Anaerotruncus	0.004560000912000182
d__Bacteria;p__Actinobacteriota;c__Actinomycetia;o__Actinomycetales;f__Actinomycetaceae;g__Actinomyces	0.009240001848000369
d__Bacteria;p__Firmicutes_A;c__Clostridia;o__Lachnospirales;f__Lachnospiraceae;g__CAG-194	0.0029700005940001186
d__Bacteria;p__Bacteroidota;c__Bacteroidia;o__Bacteroidales;f__Barnesiellaceae;g__UMGS27	0.00276000055200011
d__Bacteria;p__Actinobacteriota;c__Coriobacteriia;o__Coriobacteriales;f__Eggerthellaceae;g__Eggerthella	0.002600000520000104
d__Bacteria;p__Firmicutes;c__Bacilli;o__Lactobacillales;f__Enterococcaceae;g__Enterococcus	0.002430000486000097
d__Bacteria;p__Firmicutes;c__Bacilli;o__Haloplasmatales_A;f__Turicibacteraceae;g__Turicibacter	0.002330000466000093
d__Bacteria;p__Firmicutes_A;c__Clostridia;o__Oscillospirales;f__CAG-382;g__UMGS1387	0.0020600004120000823
d__Bacteria;p__Firmicutes_A;c__Clostridia;o__Peptostreptococcales;f__Anaerovoracaceae;g__Mogibacterium	0.0020600004120000823
d__Bacteria;p__Firmicutes_A;c__Clostridia;o__Christensenellales;f__CAG-314;g__Fimimonas	0.001930000386000077
d__Bacteria;p__Campylobacterota;c__Campylobacteria;o__Campylobacterales;f__Campylobacteraceae;g__Campylobacter_B	0.0018700003740000748
d__Bacteria;p__Bacteroidota;c__Bacteroidia;o__Bacteroidales;f__Marinifilaceae;g__Gabonibacter	0.0018600003720000743
d__Bacteria;p__Firmicutes_A;c__Clostridia;o__Oscillospirales;f__Acutalibacteraceae;g__UMGS1591	0.0015900003180000634
d__Bacteria;p__Firmicutes_A;c__Clostridia;o__Oscillospirales;f__BX7;g__BX7	0.0014600002920000582
d__Bacteria;p__Firmicutes_A;c__Clostridia;o__Christensenellales;f__CAG-552;g__UBA10677	0.0014200002840000568
d__Bacteria;p__Firmicutes_A;c__Clostridia;o__Oscillospirales;f__Oscillospiraceae;g__Marseille-P3106	0.0013100002620000523
d__Bacteria;p__Firmicutes_A;c__Clostridia;o__Oscillospirales;f__Acutalibacteraceae;g__UMGS1264	0.001200000240000048
d__Bacteria;p__Firmicutes_A;c__Clostridia;o__Monoglobales;f__Monoglobaceae;g__UMGS1820	0.0011000002200000439
d__Bacteria;p__Firmicutes_A;c__Clostridia;o__Oscillospirales;f__Oscillospiraceae;g__An92	0.000980000196000039
d__Bacteria;p__Firmicutes_A;c__Clostridia;o__Oscillospirales;f__Oscillospiraceae;g__Flavonifractor	0.0008800001760000352
d__Bacteria;p__Firmicutes_A;c__Clostridia;o__Lachnospirales;f__Lachnospiraceae;g__Ventrisoma	0.0008000001600000319
d__Bacteria;p__Firmicutes_A;c__Clostridia;o__Oscillospirales;f__Ruminococcaceae;g__Avimicrobium	0.0007900001580000316
d__Bacteria;p__Firmicutes_A;c__Clostridia;o__Oscillospirales;f__CAG-272;g__HGM12669	0.0007500001500000299
d__Bacteria;p__Firmicutes_A;c__Clostridia;o__Monoglobales;f__Monoglobaceae;g__UMGS1326	0.0007500001500000299
d__Bacteria;p__Bacteroidota;c__Bacteroidia;o__Bacteroidales;f__Coprobacteraceae;g__Coprobacter	0.0007300001460000291
d__Bacteria;p__Firmicutes_A;c__Clostridia;o__Lachnospirales;f__Lachnospiraceae;g__Oribacterium	0.0006400001280000256
d__Bacteria;p__Firmicutes_A;c__Clostridia;o__Tissierellales;f__Peptoniphilaceae;g__Ezakiella	0.0005600001120000223
d__Bacteria;p__Firmicutes_A;c__Clostridia;o__Oscillospirales;f__Oscillospiraceae;g__Pseudoscilispira	0.0005300001060000211
d__Bacteria;p__Firmicutes;c__Bacilli;o__Erysipelotrichales;f__Erysipelotrichaceae;g__Bulleidia	0.0005100001020000204
d__Bacteria;p__Firmicutes_A;c__Clostridia;o__Oscillospirales;f__Acutalibacteraceae;g__	0.00045000009000001795
d__Bacteria;p__Firmicutes_A;c__Clostridia;o__Oscillospirales;f__Ruminococcaceae;g__Fournierella	0.00043000008600001716
d__Bacteria;p__Firmicutes;c__Bacilli;o__Lactobacillales;f__Lactobacillaceae;g__Lacticaseibacillus	0.0003600000720000144
d__Bacteria;p__Firmicutes_A;c__Clostridia;o__Peptostreptococcales;f__Anaerovoracaceae;g__Eubacterium_B	0.0003200000640000128
d__Bacteria;p__Firmicutes_A;c__Clostridia;o__Christensenellales;f__GCA-900066905;g__GCA-900066905	0.0002900000580000116
d__Bacteria;p__Firmicutes_A;c__Clostridia;o__Oscillospirales;f__Ruminococcaceae;g__UMGS1668	0.00014000002800000557
d__Bacteria;p__Firmicutes_A;c__Clostridia;o__Oscillospirales;f__UBA644;g__UBA644	0.00014000002800000557
d__Bacteria;p__Patescibacteria;c__Saccharimonadia;o__Saccharimonadales;f__Nanogingivalaceae;g__Nanogingivalis	0.0001200000240000048
d__Bacteria;p__Firmicutes_A;c__Clostridia;o__Christensenellales;f__NSJ-53;g__NSJ-53	8.00000160000032e-05
d__Bacteria;p__Firmicutes_A;c__Clostridia;o__Christensenellales;f__Christensenellaceae;g__Christensenella	6.00000120000024e-05
d__Bacteria;p__Firmicutes_A;c__Clostridia;o__Oscillospirales;f__Ruminococcaceae;g__	6.00000120000024e-05
d__Bacteria;p__Firmicutes_A;c__Clostridia;o__Oscillospirales;f__Oscillospiraceae;g__HGM12998	5.0000010000001995e-05
d__Bacteria;p__Firmicutes_A;c__Clostridia;o__Lachnospirales;f__Lachnospiraceae;g__AF33-28	2.00000040000008e-05
d__Bacteria;p__Firmicutes_A;c__Clostridia;o__Oscillospirales;f__Ruminococcaceae;g__Marseille-P2935	1.00000020000004e-05
d__Bacteria;p__Firmicutes_A;c__Clostridia;o__Lachnospirales;f__Lachnospiraceae;g__Agathobacter;s__Agathobacter rectalis	10.334742066948426
d__Bacteria;p__Firmicutes_C;c__Negativicutes;o__Veillonellales;f__Dialisteraceae;g__Dialister;s__Dialister invisus	6.858691371738283
d__Bacteria;p__Firmicutes_A;c__Clostridia;o__Lachnospirales;f__Lachnospiraceae;g__Coprococcus;s__Coprococcus eutactus	6.467731293546267
d__Bacteria;p__Firmicutes_A;c__Clostridia;o__Lachnospirales;f__Lachnospiraceae;g__Coprococcus;s__Coprococcus eutactus_A	5.83688116737624
d__Bacteria;p__Firmicutes_A;c__Clostridia;o__Lachnospirales;f__Lachnospiraceae;g__Blautia_A;s__Blautia_A wexlerae	5.040231008046208
d__Bacteria;p__Bacteroidota;c__Bacteroidia;o__Bacteroidales;f__Rikenellaceae;g__Alistipes;s__Alistipes putredinis	3.5175407035081445
d__Bacteria;p__Firmicutes;c__Bacilli;o__Erysipelotrichales;f__Erysipelotrichaceae;g__Holdemanella;s__Holdemanella biformis	3.372960674592139
d__Bacteria;p__Firmicutes_A;c__Clostridia;o__Oscillospirales;f__Acutalibacteraceae;g__Eubacterium_R;s__Eubacterium_R sp003526845	2.1752004350400895
d__Bacteria;p__Firmicutes_A;c__Clostridia;o__Lachnospirales;f__Lachnospiraceae;g__UMGS1375;s__UMGS1375 sp900066615	1.7749403549880731
d__Bacteria;p__Firmicutes_A;c__Clostridia;o__Oscillospirales;f__Ruminococcaceae;g__Gemmiger;s__Gemmiger qucibialis	1.722510344502071
d__Bacteria;p__Bacteroidota;c__Bacteroidia;o__Bacteroidales;f__Bacteroidaceae;g__Prevotella;s__Prevotella sp900767615	1.7056403411280703
d__Bacteria;p__Actinobacteriota;c__Actinomycetia;o__Actinomycetales;f__Bifidobacteriaceae;g__Bifidobacterium;s__Bifidobacterium adolescentis	1.6780803356160692
d__Bacteria;p__Firmicutes_A;c__Clostridia;o__Lachnospirales;f__Lachnospiraceae;g__Anaerobutyricum;s__Anaerobutyricum hallii	1.6702303340460691
d__Bacteria;p__Firmicutes;c__Bacilli;o__RF39;f__UBA660;g__Onthocola_B;s__Onthocola_B sp000438075	1.6385403277080677
d__Bacteria;p__Firmicutes_A;c__Clostridia;o__Lachnospirales;f__Lachnospiraceae;g__Acetatifactor;s__Acetatifactor intestinalis	1.2212702442540504
d__Bacteria;p__Actinobacteriota;c__Coriobacteriia;o__Coriobacteriales;f__Coriobacteriaceae;g__Collinsella;s__	1.0996802199360454
d__Bacteria;p__Firmicutes_A;c__Clostridia;o__Oscillospirales;f__Ruminococcaceae;g__Ruminococcus_C;s__Ruminococcus_C callidus	1.0686102137220441
d__Bacteria;p__Firmicutes_A;c__Clostridia;o__Lachnospirales;f__Lachnospiraceae;g__Lachnospira;s__Lachnospira eligens_A	1.0622902124580438
d__Bacteria;p__Actinobacteriota;c__Actinomycetia;o__Actinomycetales;f__Bifidobacteriaceae;g__Bifidobacterium;s__Bifidobacterium angulatum	1.0223102044620422
d__Bacteria;p__Firmicutes_A;c__Clostridia;o__Lachnospirales;f__Lachnospiraceae;g__Anaerostipes;s__Anaerostipes hadrus	1.0082202016440414
d__Bacteria;p__Firmicutes_A;c__Clostridia;o__Oscillospirales;f__Ruminococcaceae;g__Faecalibacterium;s__Faecalibacterium prausnitzii	0.9798401959680405
d__Bacteria;p__Firmicutes_A;c__Clostridia;o__Lachnospirales;f__Lachnospiraceae;g__Fusicatenibacter;s__Fusicatenibacter saccharivorans	0.9433101886620389
d__Bacteria;p__Firmicutes_A;c__Clostridia;o__Lachnospirales;f__Lachnospiraceae;g__Mediterraneibacter;s__Mediterraneibacter faecis	0.8863201772640366
d__Bacteria;p__Firmicutes_A;c__Clostridia;o__Oscillospirales;f__Ruminococcaceae;g__Faecalibacterium;s__Faecalibacterium sp900539885	0.8521301704260352
d__Bacteria;p__Firmicutes;c__Bacilli;o__RF39;f__UBA660;g__CAG-302;s__CAG-302 sp900543825	0.7934501586900327
d__Bacteria;p__Firmicutes;c__Bacilli;o__RF39;f__UBA660;g__CAG-302;s__CAG-302 sp001916775	0.751910150382031
d__Bacteria;p__Firmicutes_A;c__Clostridia;o__Oscillospirales;f__Ruminococcaceae;g__Faecalibacterium;s__Faecalibacterium prausnitzii_D	0.7476101495220308
d__Bacteria;p__Firmicutes_C;c__Negativicutes;o__Acidaminococcales;f__Acidaminococcaceae;g__Phascolarctobacterium;s__Phascolarctobacterium faecium	0.7329301465860302
d__Bacteria;p__Firmicutes_A;c__Clostridia;o__Oscillospirales;f__Ruminococcaceae;g__Ruminiclostridium_E;s__Ruminiclostridium_E siraeum	0.6921501384300286
d__Archaea;p__Methanobacteriota;c__Methanobacteria;o__Methanobacteriales;f__Methanobacteriaceae;g__Methanobrevibacter_A;s__Methanobrevibacter_A smithii	0.6888901377780283
d__Bacteria;p__Firmicutes_A;c__Clostridia;o__Christensenellales;f__CAG-74;g__UBA11524;s__UBA11524 sp000437595	0.6771701354340279
d__Bacteria;p__Firmicutes_A;c__Clostridia;o__Lachnospirales;f__Lachnospiraceae;g__Anaerostipes;s__Anaerostipes hadrus_A	0.6350301270060261
d__Bacteria;p__Firmicutes;c__Bacilli;o__RF39;f__UBA660;g__UBA6448;s__UBA6448 sp000437315	0.6280801256160259
d__Bacteria;p__Firmicutes_A;c__Clostridia;o__Lachnospirales;f__Lachnospiraceae;g__Dorea;s__Dorea formicigenerans	0.6242601248520258
d__Bacteria;p__Firmicutes_A;c__Clostridia;o__Oscillospirales;f__Acutalibacteraceae;g__CAG-177;s__CAG-177 sp003514385	0.6173701234740254
d__Bacteria;p__Firmicutes_A;c__Clostridia;o__Lachnospirales;f__Lachnospiraceae;g__CAG-95;s__CAG-95 sp900066375	0.608010121602025
d__Bacteria;p__Firmicutes_A;c__Clostridia;o__Lachnospirales;f__Lachnospiraceae;g__Dorea_A;s__Dorea_A longicatena	0.5482301096460226
d__Bacteria;p__Firmicutes;c__Bacilli;o__Erysipelotrichales;f__Coprobacillaceae;g__Faecalibacillus;s__Faecalibacillus intestinalis	0.5220801044160215
d__Bacteria;p__Bacteroidota;c__Bacteroidia;o__Bacteroidales;f__Bacteroidaceae;g__Phocaeicola;s__Phocaeicola dorei	0.5212901042580216
d__Bacteria;p__Firmicutes_A;c__Clostridia;o__Lachnospirales;f__Lachnospiraceae;g__Blautia_A;s__Blautia_A faecis	0.5175701035140213
d__Bacteria;p__Firmicutes_A;c__Clostridia;o__Oscillospirales;f__Acutalibacteraceae;g__UBA1417;s__UBA1417 sp003531055	0.5175301035060214
d__Bacteria;p__Firmicutes_A;c__Clostridia;o__Oscillospirales;f__Oscillospiraceae;g__Dysosmobacter;s__Dysosmobacter sp001916835	0.5089101017820209
d__Bacteria;p__Firmicutes_A;c__Clostridia;o__Oscillospirales;f__Acutalibacteraceae;g__Ruminococcus_E;s__Ruminococcus_E bromii_B	0.5073501014700209
d__Bacteria;p__Firmicutes_A;c__Clostridia;o__Oscillospirales;f__Ruminococcaceae;g__Ruminococcus;s__Ruminococcus sp900540005	0.46439009287801913
d__Bacteria;p__Firmicutes_A;c__Clostridia;o__Oscillospirales;f__Oscillospiraceae;g__CAG-83;s__CAG-83 sp000435555	0.4561200912240188
d__Bacteria;p__Firmicutes_A;c__Clostridia;o__Lachnospirales;f__Lachnospiraceae;g__Blautia_A;s__Blautia_A sp000436615	0.6676601335320275
d__Bacteria;p__Firmicutes_A;c__Clostridia;o__Oscillospirales;f__Ruminococcaceae;g__Faecalibacterium;s__Faecalibacterium prausnitzii_G	0.4206200841240173
d__Bacteria;p__Verrucomicrobiota;c__Verrucomicrobiae;o__Verrucomicrobiales;f__Akkermansiaceae;g__Akkermansia;s__Akkermansia muciniphila	0.41730008346001723
d__Bacteria;p__Firmicutes_A;c__Clostridia;o__Lachnospirales;f__Lachnospiraceae;g__Coprococcus_A;s__Coprococcus_A sp900548825	0.39970007994001644
d__Bacteria;p__Firmicutes_A;c__Clostridia;o__Lachnospirales;f__Lachnospiraceae;g__KLE1615;s__KLE1615 sp900066985	0.36982007396401523
d__Bacteria;p__Firmicutes_A;c__Clostridia;o__Oscillospirales;f__Ruminococcaceae;g__Faecalibacterium;s__Faecalibacterium sp900758465	0.339470067894014
d__Bacteria;p__Firmicutes_A;c__Clostridia;o__Oscillospirales;f__Oscillospiraceae;g__CAG-170;s__CAG-170 sp900553545	0.33018006603601363
d__Bacteria;p__Firmicutes_A;c__Clostridia;o__Lachnospirales;f__Lachnospiraceae;g__Lachnospira;s__Lachnospira sp000437735	0.3143600628720129
d__Bacteria;p__Firmicutes_A;c__Clostridia;o__Oscillospirales;f__Ruminococcaceae;g__Faecalibacterium;s__Faecalibacterium sp900539945	0.3071300614260127
d__Bacteria;p__Bacteroidota;c__Bacteroidia;o__Bacteroidales;f__Bacteroidaceae;g__Bacteroides;s__Bacteroides uniformis	0.30411006082201253
d__Bacteria;p__Firmicutes_A;c__Clostridia;o__Lachnospirales;f__Lachnospiraceae;g__Coprococcus;s__Coprococcus sp900066115	0.29530005906001217
d__Bacteria;p__Firmicutes_A;c__Clostridia;o__Lachnospirales;f__Lachnospiraceae;g__Oliverpabstia;s__Oliverpabstia faecicola	0.2938300587660121
d__Bacteria;p__Bacteroidota;c__Bacteroidia;o__Bacteroidales;f__Tannerellaceae;g__Parabacteroides;s__Parabacteroides merdae	0.28954005790801196
d__Bacteria;p__Firmicutes_A;c__Clostridia;o__Oscillospirales;f__Ruminococcaceae;g__Faecalibacterium;s__Faecalibacterium prausnitzii_C	0.2892300578460119
d__Bacteria;p__Firmicutes_A;c__Clostridia;o__Lachnospirales;f__Lachnospiraceae;g__Eubacterium_G;s__Eubacterium_G sp000435815	0.2890700578140119
d__Bacteria;p__Firmicutes_A;c__Clostridia;o__Lachnospirales;f__Lachnospiraceae;g__Bariatricus;s__Bariatricus comes	0.2888700577740119
d__Bacteria;p__Firmicutes_A;c__Clostridia;o__UBA1381;f__UBA1381;g__CAG-41;s__CAG-41 sp900066215	0.28682005736401184
d__Bacteria;p__Firmicutes_A;c__Clostridia;o__Lachnospirales;f__Lachnospiraceae;g__Blautia_A;s__Blautia_A luti	0.2810100562020116
d__Bacteria;p__Firmicutes;c__Bacilli;o__RF39;f__UBA660;g__Aphodocola;s__Aphodocola sp000434835	0.28028005605601153
d__Bacteria;p__Firmicutes_A;c__Clostridia;o__Lachnospirales;f__Lachnospiraceae;g__CAG-95;s__CAG-95 sp000438155	0.28003005600601155
d__Bacteria;p__Firmicutes_A;c__Clostridia;o__Oscillospirales;f__Oscillospiraceae;g__CAG-103;s__CAG-103 sp000432375	0.27037005407401116
d__Bacteria;p__Firmicutes_A;c__Clostridia;o__Oscillospirales;f__Oscillospiraceae;g__Limivicinus;s__Limivicinus sp900547315	0.26652005330401096
d__Bacteria;p__Firmicutes_A;c__Clostridia;o__Oscillospirales;f__Oscillospiraceae;g__ER4;s__ER4 sp000765235	0.25841005168201064
d__Bacteria;p__Firmicutes;c__Bacilli;o__Lactobacillales;f__Streptococcaceae;g__Streptococcus;s__Streptococcus salivarius	0.2574600514920106
d__Bacteria;p__Firmicutes_A;c__Clostridia;o__Oscillospirales;f__Oscillospiraceae;g__CAG-170;s__CAG-170 sp003516765	0.25739005147801064
d__Bacteria;p__Firmicutes_A;c__Clostridia;o__Lachnospirales;f__Lachnospiraceae;g__CAG-127;s__CAG-127 sp900319515	0.24684004936801018
d__Bacteria;p__Firmicutes_A;c__Clostridia;o__Oscillospirales;f__Butyricicoccaceae;g__Agathobaculum;s__Agathobaculum butyriciproducens	0.24438004887601006
d__Bacteria;p__Firmicutes_A;c__Clostridia;o__Lachnospirales;f__Lachnospiraceae;g__Limivivens;s__Limivivens sp900543575	0.24425004885001006
d__Bacteria;p__Firmicutes_A;c__Clostridia;o__Lachnospirales;f__Lachnospiraceae;g__Oliverpabstia;s__Oliverpabstia intestinalis	0.24171004834200996
d__Bacteria;p__Bacteroidota;c__Bacteroidia;o__Bacteroidales;f__Bacteroidaceae;g__Prevotella;s__Prevotella lascolaii	0.23193004638600956
d__Bacteria;p__Firmicutes_A;c__Clostridia;o__Lachnospirales;f__Lachnospiraceae;g__Eubacterium_F;s__Eubacterium_F sp003491505	0.2305400461080095
d__Bacteria;p__Firmicutes_A;c__Clostridia;o__Oscillospirales;f__Oscillospiraceae;g__Evtepia;s__Evtepia gabavorous	0.2233000446600092
d__Bacteria;p__Firmicutes_A;c__Clostridia;o__Lachnospirales;f__Anaerotignaceae;g__Anaerotignum;s__Anaerotignum faecicola	0.2231200446240092
d__Bacteria;p__Firmicutes_A;c__Clostridia;o__Oscillospirales;f__Acutalibacteraceae;g__UMGS172;s__UMGS172 sp900539855	0.2206700441340091
d__Bacteria;p__Firmicutes_A;c__Clostridia;o__TANB77;f__CAG-508;g__CAG-269;s__CAG-269 sp000431335	0.21709004341800894
d__Bacteria;p__Bacteroidota;c__Bacteroidia;o__Bacteroidales;f__Marinifilaceae;g__Odoribacter;s__Odoribacter splanchnicus	0.21522004304400885
d__Bacteria;p__Firmicutes_A;c__Clostridia;o__Peptostreptococcales;f__Anaerovoracaceae;g__Copromorpha;s__Copromorpha sp900549125	0.21488004297600885
d__Bacteria;p__Firmicutes_A;c__Clostridia;o__Oscillospirales;f__Acutalibacteraceae;g__UMGS856;s__UMGS856 sp900546265	0.21261004252200874
d__Bacteria;p__Actinobacteriota;c__Coriobacteriia;o__Coriobacteriales;f__Eggerthellaceae;g__Aphodovivens;s__Aphodovivens avicola	0.2083100416620086
d__Bacteria;p__Bacteroidota;c__Bacteroidia;o__Bacteroidales;f__Bacteroidaceae;g__Phocaeicola;s__Phocaeicola vulgatus	0.20716004143200856
d__Bacteria;p__Firmicutes_A;c__Clostridia;o__Lachnospirales;f__Lachnospiraceae;g__Eubacterium_G;s__Eubacterium_G ventriosum	0.19308003861600795
d__Bacteria;p__Firmicutes_A;c__Clostridia;o__Lachnospirales;f__Lachnospiraceae;g__Blautia_A;s__Blautia_A sp003477525	0.19016003803200782
d__Bacteria;p__Firmicutes_A;c__Clostridia;o__Lachnospirales;f__Lachnospiraceae;g__UBA11774;s__UBA11774 sp003507655	0.18279003655800752
d__Bacteria;p__Actinobacteriota;c__Actinomycetia;o__Actinomycetales;f__Bifidobacteriaceae;g__Bifidobacterium;s__Bifidobacterium longum	0.18153003630600748
d__Bacteria;p__Firmicutes_A;c__Clostridia;o__Lachnospirales;f__Lachnospiraceae;g__Blautia_A;s__Blautia_A sp000285855	0.17868003573600738
d__Bacteria;p__Bacteroidota;c__Bacteroidia;o__Bacteroidales;f__Muribaculaceae;g__UBA7173;s__UBA7173 sp900546835	0.1754800350960072
d__Bacteria;p__Firmicutes_A;c__Clostridia;o__Lachnospirales;f__Lachnospiraceae;g__AM51-8;s__AM51-8 sp003478275	0.17384003476800716
d__Bacteria;p__Firmicutes_A;c__Clostridia;o__Lachnospirales;f__Lachnospiraceae;g__Roseburia;s__Roseburia hominis	0.17333003466600716
d__Bacteria;p__Firmicutes_A;c__Clostridia;o__Lachnospirales;f__Lachnospiraceae;g__Pseudolachnospira;s__	0.17355003471000716
d__Bacteria;p__Firmicutes_A;c__Clostridia;o__Christensenellales;f__CAG-138;g__PeH17;s__PeH17 sp000435055	0.16954003390800698
d__Bacteria;p__Firmicutes_A;c__Clostridia;o__Oscillospirales;f__Oscillospiraceae;g__ER4;s__ER4 sp900317525	0.16843003368600695
d__Bacteria;p__Bacteroidota;c__Bacteroidia;o__Bacteroidales;f__Tannerellaceae;g__Parabacteroides;s__Parabacteroides distasonis	0.16340003268000672
d__Bacteria;p__Firmicutes_A;c__Clostridia;o__Oscillospirales;f__Ruminococcaceae;g__RGIG3102;s__	0.15826003165200653
d__Bacteria;p__Firmicutes_A;c__Clostridia;o__TANB77;f__CAG-508;g__CAG-245;s__CAG-245 sp000435175	0.15393003078600634
d__Bacteria;p__Firmicutes_A;c__Clostridia;o__Peptostreptococcales;f__Peptostreptococcaceae;g__Romboutsia;s__Romboutsia timonensis	0.1485500297100061
d__Bacteria;p__Firmicutes_A;c__Clostridia;o__Oscillospirales;f__Acutalibacteraceae;g__UMGS1071;s__UMGS1071 sp900541905	0.14333002866600592
d__Bacteria;p__Firmicutes_A;c__Clostridia;o__Lachnospirales;f__Lachnospiraceae;g__RUG115;s__RUG115 sp900066395	0.14229002845800587
d__Bacteria;p__Firmicutes_A;c__Clostridia;o__Lachnospirales;f__Lachnospiraceae;g__Butyribacter;s__Butyribacter sp003529475	0.13494002698800556
d__Bacteria;p__Firmicutes_A;c__Clostridia;o__Oscillospirales;f__Oscillospiraceae;g__Dysosmobacter;s__Dysosmobacter sp900544615	0.13297002659400547
d__Bacteria;p__Bacteroidota;c__Bacteroidia;o__Bacteroidales;f__Rikenellaceae;g__Alistipes;s__Alistipes finegoldii	0.13234002646800547
d__Bacteria;p__Firmicutes_A;c__Clostridia;o__Oscillospirales;f__Ruminococcaceae;g__Angelakisella;s__Angelakisella sp900547385	0.12763002552600525
d__Bacteria;p__Firmicutes_A;c__Clostridia;o__Oscillospirales;f__Ruminococcaceae;g__Faecalibacterium;s__Faecalibacterium prausnitzii_I	0.1264000252800052
d__Bacteria;p__Firmicutes_A;c__Clostridia;o__Oscillospirales;f__Ruminococcaceae;g__Gemmiger;s__Gemmiger formicilis	0.12534002506800518
d__Bacteria;p__Firmicutes_A;c__Clostridia;o__Oscillospirales;f__Acutalibacteraceae;g__UBA737;s__UBA737 sp900549055	0.12353002470600509
d__Bacteria;p__Firmicutes_A;c__Clostridia;o__Lachnospirales;f__Lachnospiraceae;g__Clostridium_Q;s__Clostridium_Q fessum	0.11966002393200494
d__Bacteria;p__Firmicutes_A;c__Clostridia;o__Christensenellales;f__CAG-74;g__Ventricola;s__Ventricola sp900542445	0.11697002339400484
d__Bacteria;p__Firmicutes_A;c__Clostridia;o__Oscillospirales;f__Ruminococcaceae;g__Gemmiger;s__Gemmiger sp900539695	0.1118300223660046
d__Bacteria;p__Bacteroidota;c__Bacteroidia;o__Bacteroidales;f__Rikenellaceae;g__Alistipes;s__Alistipes senegalensis	0.11052002210400455
d__Bacteria;p__Firmicutes_A;c__Clostridia;o__Lachnospirales;f__Lachnospiraceae;g__Choladousia;s__Choladousia sp902363135	0.10817002163400447
d__Bacteria;p__Actinobacteriota;c__Coriobacteriia;o__Coriobacteriales;f__QAMH01;g__QAMH01;s__QAMH01 sp900544245	0.10587002117400436
d__Bacteria;p__Firmicutes_A;c__Clostridia;o__Lachnospirales;f__Lachnospiraceae;g__Eubacterium_F;s__Eubacterium_F sp900539115	0.10378002075600427
d__Bacteria;p__Firmicutes_A;c__Clostridia;o__TANB77;f__CAG-508;g__CAG-269;s__	0.11757002351400486
d__Bacteria;p__Actinobacteriota;c__Coriobacteriia;o__Coriobacteriales;f__Eggerthellaceae;g__Senegalimassilia;s__Senegalimassilia anaerobia	0.10261002052200424
d__Bacteria;p__Firmicutes_A;c__Clostridia;o__Oscillospirales;f__Oscillospiraceae;g__CAG-83;s__CAG-83 sp900548615	0.1019800203960042
d__Bacteria;p__Firmicutes;c__Bacilli;o__Erysipelotrichales;f__Erysipelotrichaceae;g__Holdemanella;s__Holdemanella porci	0.09833001966600405
d__Bacteria;p__Firmicutes_A;c__Clostridia;o__Oscillospirales;f__Oscillospiraceae;g__CAG-83;s__CAG-83 sp900552475	0.09684001936800399
d__Bacteria;p__Firmicutes_A;c__Clostridia;o__Oscillospirales;f__Oscillospiraceae;g__CAG-170;s__	0.09521001904200393
d__Bacteria;p__Actinobacteriota;c__Coriobacteriia;o__Coriobacteriales;f__Eggerthellaceae;g__Adlercreutzia;s__Adlercreutzia celatus_A	0.09381001876200387
d__Bacteria;p__Firmicutes_A;c__Clostridia;o__TANB77;f__CAG-508;g__CAG-793;s__CAG-793 sp000433915	0.09256001851200382
d__Bacteria;p__Firmicutes_A;c__Clostridia;o__Oscillospirales;f__Oscillospiraceae;g__CAG-83;s__CAG-83 sp003539495	0.09073001814600375
d__Bacteria;p__Firmicutes_A;c__Clostridia;o__Oscillospirales;f__Oscillospiraceae;g__Faecousia;s__	0.09359001871800386
d__Bacteria;p__Firmicutes_A;c__Clostridia;o__Oscillospirales;f__Butyricicoccaceae;g__Agathobaculum;s__Agathobaculum sp003481705	0.0874000174800036
d__Bacteria;p__Firmicutes_A;c__Clostridia;o__Lachnospirales;f__Lachnospiraceae;g__Blautia_A;s__Blautia_A massiliensis	0.08643001728600357
d__Bacteria;p__Firmicutes_A;c__Clostridia;o__Lachnospirales;f__Lachnospiraceae;g__Eubacterium_I;s__Eubacterium_I ramulus	0.08477001695400349
d__Bacteria;p__Bacteroidota;c__Bacteroidia;o__Bacteroidales;f__Rikenellaceae;g__Alistipes;s__Alistipes communis	0.08391001678200345
d__Bacteria;p__Firmicutes_A;c__Clostridia;o__Lachnospirales;f__Lachnospiraceae;g__Lachnoclostridium_B;s__Lachnoclostridium_B sp900066555	0.08168001633600337
d__Bacteria;p__Firmicutes_A;c__Clostridia;o__Lachnospirales;f__Lachnospiraceae;g__Blautia_A;s__Blautia_A sp900066335	0.0803800160760033
d__Bacteria;p__Firmicutes_A;c__Clostridia;o__Peptostreptococcales;f__Anaerovoracaceae;g__CAG-238;s__CAG-238 sp900542245	0.07841001568200322
d__Bacteria;p__Firmicutes_A;c__Clostridia;o__Lachnospirales;f__Lachnospiraceae;g__Eubacterium_I;s__Eubacterium_I sp900546495	0.07788001557600321
d__Bacteria;p__Bacteroidota;c__Bacteroidia;o__Bacteroidales;f__Bacteroidaceae;g__Bacteroides;s__Bacteroides caccae	0.07665001533000315
d__Bacteria;p__Bacteroidota;c__Bacteroidia;o__Bacteroidales;f__Bacteroidaceae;g__Bacteroides;s__Bacteroides intestinalis_A	0.07588001517600312
d__Bacteria;p__Firmicutes_A;c__Clostridia;o__Oscillospirales;f__CAG-272;g__CAG-272;s__CAG-272 sp000433515	0.07440001488000306
d__Bacteria;p__Firmicutes_A;c__Clostridia;o__Oscillospirales;f__Oscillospiraceae;g__CAG-83;s__CAG-83 sp001916855	0.07330001466000302
d__Bacteria;p__Firmicutes_A;c__Clostridia;o__Lachnospirales;f__Lachnospiraceae;g__Blautia_A;s__Blautia_A obeum	0.07281001456200299
d__Bacteria;p__Firmicutes_A;c__Clostridia;o__TANB77;f__CAG-508;g__CAG-452;s__CAG-452 sp000434035	0.07234001446800298
d__Bacteria;p__Firmicutes;c__Bacilli;o__Lactobacillales;f__Lactobacillaceae;g__Ligilactobacillus;s__Ligilactobacillus ruminis	0.06987001397400287
d__Bacteria;p__Firmicutes_A;c__Clostridia;o__Christensenellales;f__Borkfalkiaceae;g__UBA10281;s__UBA10281 sp000437515	0.06980001396000288
d__Bacteria;p__Firmicutes_A;c__Clostridia;o__Oscillospirales;f__Oscillospiraceae;g__Faecousia;s__Faecousia sp900546075	0.06917001383400284
d__Bacteria;p__Actinobacteriota;c__Coriobacteriia;o__Coriobacteriales;f__Eggerthellaceae;g__CAG-1427;s__CAG-1427 sp900544455	0.06827001365400281
d__Bacteria;p__Firmicutes_A;c__Clostridia;o__Oscillospirales;f__Oscillospiraceae;g__CAG-170;s__CAG-170 sp000432135	0.06729001345800277
d__Bacteria;p__Firmicutes_A;c__Clostridia;o__Oscillospirales;f__Oscillospiraceae;g__HGM13006;s__HGM13006 sp900757695	0.06695001339000275
d__Bacteria;p__Firmicutes_A;c__Clostridia;o__Oscillospirales;f__Oscillospiraceae;g__CAG-103;s__CAG-103 sp900543625	0.06668001333600275
d__Bacteria;p__Firmicutes_A;c__Clostridia;o__Lachnospirales;f__Lachnospiraceae;g__Dorea_A;s__Dorea_A longicatena_B	0.06614001322800274
d__Bacteria;p__Firmicutes_A;c__Clostridia;o__Lachnospirales;f__Lachnospiraceae;g__Blautia_A;s__Blautia_A sp900551715	0.06586001317200271
d__Bacteria;p__Firmicutes_A;c__Clostridia;o__Lachnospirales;f__Lachnospiraceae;g__Coprococcus_A;s__Coprococcus_A catus	0.06534001306800269
d__Bacteria;p__Firmicutes_A;c__Clostridia;o__Lachnospirales;f__Lachnospiraceae;g__UBA3402;s__UBA3402 sp003478355	0.06483001296600267
d__Bacteria;p__Firmicutes_A;c__Clostridia;o__Oscillospirales;f__Oscillospiraceae;g__UBA738;s__UBA738 sp003522945	0.06250001250000257
d__Bacteria;p__Firmicutes_A;c__Clostridia;o__Oscillospirales;f__Oscillospiraceae;g__CAG-83;s__CAG-83 sp000431575	0.061630012326002535
d__Bacteria;p__Firmicutes_A;c__Clostridia;o__Lachnospirales;f__Lachnospiraceae;g__Acetatifactor;s__Acetatifactor sp900066565	0.06134001226800252
d__Bacteria;p__Firmicutes_A;c__Clostridia;o__Lachnospirales;f__Lachnospiraceae;g__Eisenbergiella;s__Eisenbergiella sp900066775	0.0608600121720025
d__Bacteria;p__Firmicutes_A;c__Clostridia;o__Oscillospirales;f__Ruminococcaceae;g__UBA3818;s__UBA3818 sp900557155	0.06011001202200247
d__Bacteria;p__Firmicutes_A;c__Clostridia;o__Christensenellales;f__CAG-74;g__Ventricola;s__Ventricola sp900548125	0.05812001162400239
d__Bacteria;p__Firmicutes_A;c__Clostridia;o__Lachnospirales;f__Lachnospiraceae;g__Enterocloster;s__Enterocloster sp000431375	0.05648001129600233
d__Bacteria;p__Firmicutes_A;c__Clostridia;o__Lachnospirales;f__Lachnospiraceae;g__Choladocola;s__Choladocola sp018223365	0.05635001127000232
d__Bacteria;p__Firmicutes_A;c__Clostridia;o__Oscillospirales;f__Oscillospiraceae;g__Lawsonibacter;s__Lawsonibacter asaccharolyticus	0.05625001125000232
d__Bacteria;p__Firmicutes_A;c__Clostridia;o__Oscillospirales;f__Acutalibacteraceae;g__NSJ-40;s__NSJ-40 sp014384705	0.05518001103600227
d__Bacteria;p__Firmicutes_A;c__Clostridia;o__Christensenellales;f__CAG-74;g__Ventricola;s__Ventricola sp900542395	0.05499001099800226
d__Bacteria;p__Firmicutes_A;c__Clostridia;o__Oscillospirales;f__Oscillospiraceae;g__CAG-83;s__CAG-83 sp900545585	0.054670010934002256
d__Bacteria;p__Firmicutes_A;c__Clostridia;o__Oscillospirales;f__Oscillospiraceae;g__CAG-170;s__CAG-170 sp002404795	0.054400010880002236
d__Bacteria;p__Firmicutes_A;c__Clostridia;o__Christensenellales;f__UBA1750;g__Spyradocola;s__Spyradocola sp905193155	0.05430001086000223
d__Bacteria;p__Firmicutes_A;c__Clostridia;o__Christensenellales;f__Christensenellaceae;g__QANA01;s__	0.054210010842002235
d__Bacteria;p__Firmicutes_A;c__Clostridia;o__Lachnospirales;f__Lachnospiraceae;g__Butyribacter;s__Butyribacter sp001916135	0.05301001060200219
d__Bacteria;p__Firmicutes_A;c__Clostridia;o__Lachnospirales;f__Lachnospiraceae;g__Lachnospira;s__Lachnospira sp900316325	0.05288001057600218
d__Bacteria;p__Actinobacteriota;c__Coriobacteriia;o__Coriobacteriales;f__Eggerthellaceae;g__CAJFUR01;s__CAJFUR01 sp904420575	0.05203001040600214
d__Bacteria;p__Firmicutes_A;c__Clostridia;o__Christensenellales;f__CAG-138;g__SFEL01;s__SFEL01 sp004557245	0.050820010164002095
d__Bacteria;p__Firmicutes_A;c__Clostridia;o__Peptostreptococcales;f__Anaerovoracaceae;g__UMGS973;s__UMGS973 sp900547295	0.05032001006400207
d__Bacteria;p__Firmicutes_A;c__Clostridia;o__Christensenellales;f__CAG-74;g__Faecivicinus;s__Faecivicinus sp900759005	0.04885000977000201
d__Bacteria;p__Firmicutes_A;c__Clostridia;o__Oscillospirales;f__Oscillospiraceae;g__ER4;s__ER4 sp900552015	0.04872000974400201
d__Bacteria;p__Firmicutes_A;c__Clostridia;o__Oscillospirales;f__CAG-272;g__UMGS1696;s__UMGS1696 sp900554225	0.047660009532001966
d__Bacteria;p__Firmicutes_A;c__Clostridia;o__Oscillospirales;f__Oscillospiraceae;g__Dysosmobacter;s__Dysosmobacter sp900542115	0.04741000948200195
d__Bacteria;p__Firmicutes_A;c__Clostridia;o__Lachnospirales;f__Lachnospiraceae;g__Choladousia;s__Choladousia sp902363665	0.047390009478001954
d__Bacteria;p__Bacteroidota;c__Bacteroidia;o__Bacteroidales;f__Bacteroidaceae;g__Phocaeicola;s__Phocaeicola massiliensis	0.04660000932000192
d__Bacteria;p__Actinobacteriota;c__Actinomycetia;o__Actinomycetales;f__Bifidobacteriaceae;g__Bifidobacterium;s__Bifidobacterium animalis	0.04408000881600182
d__Bacteria;p__Firmicutes_A;c__Clostridia;o__Lachnospirales;f__Lachnospiraceae;g__Limivivens;s__Limivivens sp905214955	0.0438200087640018
d__Bacteria;p__Firmicutes_A;c__Clostridia;o__Christensenellales;f__CAG-74;g__SFMI01;s__SFMI01 sp004556155	0.04288000857600177
d__Bacteria;p__Bacteroidota;c__Bacteroidia;o__Bacteroidales;f__Barnesiellaceae;g__Barnesiella;s__Barnesiella intestinihominis	0.04240000848000175
d__Bacteria;p__Firmicutes_A;c__Clostridia;o__Peptostreptococcales;f__Anaerovoracaceae;g__Copromorpha;s__Copromorpha sp905193765	0.04237000847400175
d__Bacteria;p__Firmicutes_A;c__Clostridia;o__Oscillospirales;f__Acutalibacteraceae;g__UBA737;s__UBA737 sp002431945	0.04079000815800168
d__Bacteria;p__Firmicutes_A;c__Clostridia;o__Lachnospirales;f__Lachnospiraceae;g__Blautia_A;s__Blautia_A sp900066145	0.04007000801400166
d__Bacteria;p__Bacteroidota;c__Bacteroidia;o__Bacteroidales;f__Bacteroidaceae;g__Bacteroides;s__Bacteroides ovatus	0.03997000799400165
d__Bacteria;p__Firmicutes_A;c__Clostridia;o__Christensenellales;f__QAND01;g__UMGS1975;s__UMGS1975 sp900751745	0.038910007782001606
d__Bacteria;p__Firmicutes_A;c__Clostridia;o__Lachnospirales;f__Lachnospiraceae;g__Blautia_A;s__Blautia_A sp900066355	0.03733000746600154
d__Bacteria;p__Firmicutes_A;c__Clostridia;o__Peptostreptococcales;f__Anaerovoracaceae;g__Copromorpha;s__Copromorpha sp900066305	0.03626000725200149
d__Bacteria;p__Firmicutes_A;c__Clostridia;o__Lachnospirales;f__Lachnospiraceae;g__Mediterraneibacter_A;s__Mediterraneibacter_A butyricigenes	0.03599000719800149
d__Bacteria;p__Firmicutes_A;c__Clostridia;o__Oscillospirales;f__Oscillospiraceae;g__Faecousia;s__Faecousia sp000434635	0.03543000708600146
d__Bacteria;p__Firmicutes_A;c__Clostridia;o__Christensenellales;f__CAG-74;g__Fimadaptatus;s__Fimadaptatus sp900553645	0.035270007054001455
d__Bacteria;p__Proteobacteria;c__Gammaproteobacteria;o__Burkholderiales;f__Burkholderiaceae;g__Oxalobacter;s__Oxalobacter sp900760095	0.03522000704400145
d__Bacteria;p__Firmicutes_A;c__Clostridia;o__Lachnospirales;f__Lachnospiraceae;g__Choladocola;s__Choladocola sp003481535	0.03442000688400142
d__Bacteria;p__Firmicutes_A;c__Clostridia;o__Peptostreptococcales;f__Anaerovoracaceae;g__RGIG7444;s__	0.03378000675600139
d__Bacteria;p__Proteobacteria;c__Gammaproteobacteria;o__Burkholderiales;f__Burkholderiaceae;g__Sutterella;s__Sutterella wadsworthensis	0.03339000667800138
d__Bacteria;p__Firmicutes_A;c__Clostridia;o__Oscillospirales;f__Oscillospiraceae;g__UMGS1766;s__UMGS1766 sp900554855	0.03279000655800135
d__Bacteria;p__Firmicutes_A;c__Clostridia;o__Lachnospirales;f__Lachnospiraceae;g__Merdisoma;s__Merdisoma sp900066385	0.03235000647000133
d__Bacteria;p__Firmicutes_A;c__Clostridia;o__Lachnospirales;f__Lachnospiraceae;g__Copromonas;s__Copromonas sp900066785	0.03120000624000128
d__Bacteria;p__Firmicutes_A;c__Clostridia;o__Oscillospirales;f__Oscillospiraceae;g__Dysosmobacter;s__Dysosmobacter sp004553545	0.03080000616000127
d__Bacteria;p__Firmicutes_A;c__Clostridia;o__Lachnospirales;f__Lachnospiraceae;g__JAGTTR01;s__JAGTTR01 sp018223385	0.030540006108001262
d__Bacteria;p__Firmicutes_A;c__Clostridia;o__Oscillospirales;f__CAG-272;g__CAG-390;s__CAG-390 sp000437015	0.029420005884001215
d__Bacteria;p__Firmicutes_A;c__Clostridia;o__Oscillospirales;f__Ruminococcaceae;g__CAG-115;s__CAG-115 sp003531585	0.0291100058220012
d__Bacteria;p__Firmicutes_A;c__Clostridia;o__Lachnospirales;f__Lachnospiraceae;g__Choladocola;s__Choladocola sp003480725	0.02896000579200119
d__Bacteria;p__Firmicutes_A;c__Clostridia;o__Christensenellales;f__Borkfalkiaceae;g__UBA7597;s__UBA7597 sp900542935	0.02886000577200119
d__Bacteria;p__Firmicutes_A;c__Clostridia;o__Oscillospirales;f__Oscillospiraceae;g__CAG-170;s__CAG-170 sp900548625	0.02868000573600118
d__Bacteria;p__Firmicutes_A;c__Clostridia;o__Oscillospirales;f__CAG-272;g__UMGS1312;s__UMGS1312 sp900550625	0.02864000572800118
d__Bacteria;p__Firmicutes_A;c__Clostridia;o__Oscillospirales;f__Oscillospiraceae;g__Lawsonibacter;s__Lawsonibacter sp905215425	0.028510005702001174
d__Bacteria;p__Firmicutes_A;c__Clostridia;o__Oscillospirales;f__Oscillospiraceae;g__Dysosmobacter;s__Dysosmobacter sp900550685	0.027590005518001136
d__Bacteria;p__Firmicutes_A;c__Clostridia;o__Oscillospirales;f__Oscillospiraceae;g__Faecousia;s__Faecousia sp003525905	0.02744000548800113
d__Bacteria;p__Bacteroidota;c__Bacteroidia;o__Bacteroidales;f__Bacteroidaceae;g__Bacteroides;s__Bacteroides thetaiotaomicron	0.027310005462001123
d__Bacteria;p__Firmicutes_A;c__Clostridia;o__Oscillospirales;f__Ruminococcaceae;g__UBA866;s__UBA866 sp900543295	0.02698000539600111
d__Bacteria;p__Bacteroidota;c__Bacteroidia;o__Bacteroidales;f__Rikenellaceae;g__Alistipes;s__Alistipes shahii	0.02626000525200108
d__Bacteria;p__Firmicutes_A;c__Clostridia;o__Lachnospirales;f__Lachnospiraceae;g__Ventrimonas;s__Ventrimonas sp003480315	0.026230005246001078
d__Bacteria;p__Firmicutes_A;c__Clostridia;o__Lachnospirales;f__Anaerotignaceae;g__Metalachnospira;s__Metalachnospira sp900553995	0.026150005230001074
d__Bacteria;p__Firmicutes_A;c__Clostridia;o__Christensenellales;f__CAG-74;g__Limiplasma;s__Limiplasma sp004556545	0.025660005132001056
d__Bacteria;p__Firmicutes_A;c__Clostridia;o__Christensenellales;f__CAG-138;g__Phil1;s__Phil1 sp001940855	0.02545000509000105
d__Bacteria;p__Firmicutes_B;c__Dehalobacteriia;o__UBA7702;f__UBA7702;g__UBA7702;s__	0.02507000501400103
d__Bacteria;p__Firmicutes;c__Bacilli;o__Erysipelotrichales;f__Erysipelotrichaceae;g__Faecalitalea;s__Faecalitalea cylindroides	0.024660004932001017
d__Bacteria;p__Firmicutes_A;c__Clostridia;o__Lachnospirales;f__UBA1390;g__Faecimorpha;s__	0.024630004926001016
d__Bacteria;p__Firmicutes_A;c__Clostridia;o__Oscillospirales;f__Oscillospiraceae;g__Onthomonas;s__Onthomonas sp900545815	0.023940004788000988
d__Bacteria;p__Firmicutes_A;c__Clostridia;o__Lachnospirales;f__Lachnospiraceae;g__Roseburia;s__Roseburia inulinivorans	0.023870004774000985
d__Bacteria;p__Firmicutes_A;c__Clostridia;o__Christensenellales;f__CAG-74;g__SFTH01;s__	0.023720004744000982
d__Bacteria;p__Firmicutes_A;c__Clostridia;o__Oscillospirales;f__CAG-272;g__UBA11512;s__UBA11512 sp003522145	0.02308000461600095
d__Bacteria;p__Firmicutes_A;c__Clostridia;o__Oscillospirales;f__Oscillospiraceae;g__Lawsonibacter;s__Lawsonibacter sp900549405	0.022990004598000945
d__Bacteria;p__Firmicutes_A;c__Clostridia;o__Christensenellales;f__CAG-74;g__Limiplasma;s__Limiplasma sp900548145	0.022760004552000935
d__Bacteria;p__Bacteroidota;c__Bacteroidia;o__Bacteroidales;f__UBA11471;g__UBA11471;s__UBA11471 sp000434215	0.02272000454400094
d__Bacteria;p__Firmicutes_A;c__Clostridia;o__Oscillospirales;f__Oscillospiraceae;g__;s__	0.02268000453600093
d__Bacteria;p__Firmicutes_A;c__Clostridia;o__Oscillospirales;f__CAG-272;g__UMGS1696;s__UMGS1696 sp900753285	0.022470004494000925
d__Bacteria;p__Firmicutes_A;c__Clostridia;o__Lachnospirales;f__Lachnospiraceae;g__Lachnospira;s__Lachnospira sp000436475	0.022200004440000917
d__Bacteria;p__Actinobacteriota;c__Coriobacteriia;o__Coriobacteriales;f__Eggerthellaceae;g__Slackia_A;s__Slackia_A piriformis	0.021960004392000906
d__Bacteria;p__Firmicutes_A;c__Clostridia;o__Oscillospirales;f__Oscillospiraceae;g__CAG-170;s__CAG-170 sp000436735	0.021590004318000892
d__Bacteria;p__Firmicutes_A;c__Clostridia;o__Oscillospirales;f__Ruminococcaceae;g__Ruthenibacterium;s__Ruthenibacterium lactatiformans	0.021440004288000886
d__Bacteria;p__Bacteroidota;c__Bacteroidia;o__Bacteroidales;f__Bacteroidaceae;g__Bacteroides;s__Bacteroides stercoris	0.02112000422400087
d__Bacteria;p__Firmicutes_A;c__Clostridia;o__Oscillospirales;f__Oscillospiraceae;g__F23-B02;s__F23-B02 sp001916715	0.02068000413600085
d__Bacteria;p__Firmicutes_A;c__Clostridia;o__Lachnospirales;f__Lachnospiraceae;g__Marvinbryantia;s__Marvinbryantia sp014385005	0.020370004074000837
d__Bacteria;p__Firmicutes;c__Bacilli;o__Lactobacillales;f__Streptococcaceae;g__Streptococcus;s__Streptococcus sp001813295	0.020190004038000833
d__Bacteria;p__Actinobacteriota;c__Coriobacteriia;o__Coriobacteriales;f__Eggerthellaceae;g__CAG-1427;s__CAG-1427 sp000435675	0.01994000398800082
d__Bacteria;p__Firmicutes_A;c__Clostridia;o__Oscillospirales;f__Oscillospiraceae;g__Faecousia;s__Faecousia sp900540635	0.019600003920000806
d__Bacteria;p__Firmicutes_A;c__Clostridia;o__Oscillospirales;f__Oscillospiraceae;g__CAG-170;s__CAG-170 sp900545925	0.019530003906000803
d__Bacteria;p__Firmicutes_A;c__Clostridia;o__Lachnospirales;f__Lachnospiraceae;g__Merdisoma;s__Merdisoma sp014290175	0.019060003812000785
d__Bacteria;p__Firmicutes_B;c__Peptococcia;o__Peptococcales;f__Peptococcaceae;g__QAKL01;s__QAKL01 sp003343815	0.018570003714000766
d__Bacteria;p__Firmicutes_A;c__Clostridia;o__Lachnospirales;f__Lachnospiraceae;g__Marvinbryantia;s__Marvinbryantia sp900066075	0.018510003702000764
d__Bacteria;p__Firmicutes_A;c__Clostridia;o__Lachnospirales;f__Lachnospiraceae;g__Eubacterium_F;s__Eubacterium_F sp000433735	0.01818000363600075
d__Bacteria;p__Firmicutes_A;c__Clostridia;o__Lachnospirales;f__Lachnospiraceae;g__Enterocloster;s__Enterocloster sp900541315	0.01817000363400075
d__Bacteria;p__Firmicutes_A;c__Clostridia;o__Oscillospirales;f__Oscillospiraceae;g__CAG-83;s__CAG-83 sp003487665	0.01793000358600074
d__Bacteria;p__Firmicutes_A;c__Clostridia;o__Lachnospirales;f__Lachnospiraceae;g__Mediterraneibacter_A;s__	0.017630003526000724
d__Bacteria;p__Bacteroidota;c__Bacteroidia;o__Bacteroidales;f__Rikenellaceae;g__Alistipes_A;s__Alistipes_A pullistercoris	0.017380003476000716
d__Bacteria;p__Firmicutes_A;c__Clostridia;o__Oscillospirales;f__Ruminococcaceae;g__Angelakisella;s__Angelakisella sp004557855	0.0170400034080007
d__Bacteria;p__Firmicutes_A;c__Clostridia;o__Christensenellales;f__MARSEILLE-P3954;g__RGIG9107;s__	0.016890003378000694
d__Bacteria;p__Bacteroidota;c__Bacteroidia;o__Bacteroidales;f__Tannerellaceae;g__Parabacteroides;s__Parabacteroides goldsteinii	0.01674000334800069
d__Bacteria;p__Firmicutes_A;c__Clostridia;o__Lachnospirales;f__Lachnospiraceae;g__Enterocloster;s__Enterocloster sp900543885	0.01652000330400068
d__Bacteria;p__Firmicutes_A;c__Clostridia;o__Oscillospirales;f__CAG-272;g__Flemingibacterium;s__Flemingibacterium sp900546315	0.01630000326000067
d__Bacteria;p__Firmicutes_A;c__Clostridia;o__Oscillospirales;f__Oscillospiraceae;g__Dysosmobacter;s__Dysosmobacter welbionis	0.01630000326000067
d__Bacteria;p__Firmicutes_A;c__Clostridia;o__Christensenellales;f__CAG-74;g__Faecivicinus;s__Faecivicinus sp900553265	0.01609000321800066
d__Bacteria;p__Actinobacteriota;c__Coriobacteriia;o__Coriobacteriales;f__UMGS124;g__UMGS124;s__	0.015420003084000636
d__Bacteria;p__Firmicutes_C;c__Negativicutes;o__Veillonellales;f__Veillonellaceae;g__Veillonella;s__Veillonella rogosae	0.015350003070000635
d__Bacteria;p__Firmicutes;c__Bacilli;o__Lactobacillales;f__Streptococcaceae;g__Lactococcus;s__Lactococcus lactis	0.014900002980000614
d__Bacteria;p__Firmicutes_A;c__Clostridia;o__Clostridiales;f__Clostridiaceae;g__Clostridium;s__Clostridium sp900540255	0.014710002942000608
d__Bacteria;p__Firmicutes_C;c__Negativicutes;o__Veillonellales;f__Dialisteraceae;g__Allisonella;s__Allisonella histaminiformans	0.014560002912000599
d__Bacteria;p__Firmicutes;c__Bacilli;o__RF39;f__UBA660;g__CAG-302;s__CAG-302 sp000431795	0.014460002892000598
d__Bacteria;p__Actinobacteriota;c__Coriobacteriia;o__Coriobacteriales;f__Coriobacteriaceae;g__Collinsella;s__Collinsella sp003479805	0.014450002890000594
d__Bacteria;p__Bacteroidota;c__Bacteroidia;o__Flavobacteriales;f__UBA1820;g__Merdimorpha;s__Merdimorpha sp003150615	0.014420002884000594
d__Bacteria;p__Firmicutes_A;c__Clostridia;o__Lachnospirales;f__Lachnospiraceae;g__Mediterraneibacter;s__Mediterraneibacter sp014287475	0.014390002878000593
d__Bacteria;p__Firmicutes_A;c__Clostridia;o__Lachnospirales;f__Lachnospiraceae;g__V9D3004;s__V9D3004 sp900760345	0.014350002870000591
d__Bacteria;p__Firmicutes_A;c__Clostridia;o__Oscillospirales;f__Oscillospiraceae;g__CAG-170;s__CAG-170 sp900549635	0.014160002832000584
d__Bacteria;p__Firmicutes_A;c__Clostridia;o__Lachnospirales;f__Lachnospiraceae;g__Acetatifactor;s__Acetatifactor sp003447295	0.014150002830000584
d__Bacteria;p__Firmicutes_A;c__Clostridia;o__Oscillospirales;f__Oscillospiraceae;g__ER4;s__ER4 sp003522105	0.014060002812000578
d__Bacteria;p__Bacteroidota;c__Bacteroidia;o__Bacteroidales;f__Rikenellaceae;g__Alistipes_A;s__Alistipes_A ihumii	0.01384000276800057
d__Bacteria;p__Firmicutes_A;c__Clostridia;o__Lachnospirales;f__Lachnospiraceae;g__CAJJNI01;s__CAJJNI01 sp905193085	0.01337000267400055
d__Bacteria;p__Firmicutes_A;c__Clostridia;o__Oscillospirales;f__Oscillospiraceae;g__CAG-103;s__CAG-103 sp900317855	0.013360002672000552
d__Bacteria;p__Firmicutes_A;c__Clostridia;o__Oscillospirales;f__Oscillospiraceae;g__Faecousia;s__Faecousia sp900549705	0.013140002628000542
d__Bacteria;p__Firmicutes_A;c__Clostridia;o__Lachnospirales;f__Lachnospiraceae;g__Roseburia;s__Roseburia sp900756925	0.013080002616000539
d__Bacteria;p__Firmicutes_A;c__Clostridia;o__Oscillospirales;f__Oscillospiraceae;g__Faecousia;s__Faecousia sp900547405	0.012990002598000535
d__Bacteria;p__Firmicutes_A;c__Clostridia;o__Lachnospirales;f__Lachnospiraceae;g__Blautia_A;s__Blautia_A sp900066505	0.012900002580000533
d__Bacteria;p__Firmicutes_A;c__Clostridia;o__Oscillospirales;f__CAG-382;g__UMGS882;s__UMGS882 sp900546385	0.012750002550000524
d__Bacteria;p__Proteobacteria;c__Gammaproteobacteria;o__Enterobacterales;f__Enterobacteriaceae;g__Escherichia;s__Escherichia coli	0.012670002534000524
d__Bacteria;p__Proteobacteria;c__Gammaproteobacteria;o__Burkholderiales;f__Burkholderiaceae;g__Sutterella;s__Sutterella wadsworthensis_A	0.012600002520000519
d__Bacteria;p__Bacteroidota;c__Bacteroidia;o__Bacteroidales;f__Marinifilaceae;g__Butyricimonas;s__Butyricimonas virosa	0.01241000248200051
d__Bacteria;p__Firmicutes_A;c__Clostridia;o__Oscillospirales;f__Oscillospiraceae;g__CAG-83;s__CAG-83 sp900556015	0.012310002462000506
d__Bacteria;p__Firmicutes_A;c__Clostridia;o__UMGS1883;f__UMGS1883;g__UMGS1883;s__UMGS1883 sp905195005	0.012290002458000507
d__Bacteria;p__Firmicutes_C;c__Negativicutes;o__Veillonellales;f__Veillonellaceae;g__Veillonella;s__Veillonella nakazawae	0.012170002434000501
d__Bacteria;p__Firmicutes_A;c__Clostridia;o__Oscillospirales;f__Ruminococcaceae;g__SFJ001;s__	0.011850002370000489
d__Bacteria;p__Firmicutes_A;c__Clostridia;o__Christensenellales;f__CAG-138;g__RUG472;s__RUG472 sp900545265	0.011840002368000486
d__Bacteria;p__Firmicutes_A;c__Clostridia;o__Peptostreptococcales;f__Anaerovoracaceae;g__CAG-238;s__	0.011690002338000481
d__Bacteria;p__Firmicutes_A;c__Clostridia;o__Oscillospirales;f__Oscillospiraceae;g__F23-B02;s__F23-B02 sp900545805	0.01167000233400048
d__Bacteria;p__Firmicutes_A;c__Clostridia;o__Lachnospirales;f__Lachnospiraceae;g__Ventrimonas;s__Ventrimonas sp003478505	0.011460002292000471
d__Bacteria;p__Firmicutes_A;c__Clostridia;o__Christensenellales;f__CAG-74;g__Firm-10;s__Firm-10 sp004552515	0.011440002288000472
d__Bacteria;p__Firmicutes_A;c__Clostridia;o__Oscillospirales;f__Oscillospiraceae;g__Dysosmobacter;s__	0.01096000219200045
d__Bacteria;p__Firmicutes_A;c__Clostridia;o__Oscillospirales;f__Oscillospiraceae;g__Faecousia;s__Faecousia sp900544945	0.010780002156000446
d__Bacteria;p__Firmicutes_A;c__Clostridia;o__Christensenellales;f__CAG-552;g__UMGS1795;s__	0.01069000213800044
d__Bacteria;p__Firmicutes_A;c__Clostridia;o__Oscillospirales;f__Ruminococcaceae;g__Massilimaliae;s__Massilimaliae massiliensis	0.01069000213800044
d__Bacteria;p__Actinobacteriota;c__Actinomycetia;o__Actinomycetales;f__Bifidobacteriaceae;g__Bifidobacterium;s__Bifidobacterium pseudocatenulatum	0.010480002096000432
d__Bacteria;p__Firmicutes_A;c__Clostridia;o__Oscillospirales;f__CAG-272;g__CAG-724;s__CAG-724 sp905202255	0.01043000208600043
d__Bacteria;p__Firmicutes_A;c__Clostridia;o__Oscillospirales;f__Acutalibacteraceae;g__CAG-557;s__CAG-557 sp000435275	0.010060002012000415
d__Bacteria;p__Firmicutes_A;c__Clostridia;o__Oscillospirales;f__Oscillospiraceae;g__RGIG7114;s__	0.01001000200200041
d__Bacteria;p__Firmicutes_A;c__Clostridia;o__Oscillospirales;f__Oscillospiraceae;g__CAG-83;s__CAG-83 sp900757415	0.009930001986000409
d__Bacteria;p__Firmicutes_A;c__Clostridia;o__Oscillospirales;f__Oscillospiraceae;g__Instestinimonas_A;s__Instestinimonas_A gabonensis	0.009820001964000406
d__Bacteria;p__Firmicutes_A;c__Clostridia;o__Oscillospirales;f__Ruminococcaceae;g__Merdivicinus;s__Merdivicinus sp900555435	0.009570001914000394
d__Bacteria;p__Firmicutes_A;c__Clostridia;o__Lachnospirales;f__Lachnospiraceae;g__Eubacterium_I;s__Eubacterium_I sp900557275	0.009490001898000392
d__Bacteria;p__Desulfobacterota_I;c__Desulfovibrionia;o__Desulfovibrionales;f__Desulfovibrionaceae;g__Desulfovibrio;s__Desulfovibrio fairfieldensis	0.008920001784000368
d__Bacteria;p__Firmicutes_A;c__Clostridia;o__Oscillospirales;f__Oscillospiraceae;g__Faecousia;s__Faecousia sp900544405	0.008770001754000362
d__Bacteria;p__Firmicutes;c__Bacilli;o__Lactobacillales;f__Streptococcaceae;g__Streptococcus;s__Streptococcus mutans	0.008750001750000362
d__Bacteria;p__Firmicutes;c__Bacilli;o__Lactobacillales;f__Streptococcaceae;g__Streptococcus;s__Streptococcus xiaochunlingii	0.00852000170400035
d__Bacteria;p__Bacteroidota;c__Bacteroidia;o__Bacteroidales;f__Bacteroidaceae;g__Bacteroides;s__Bacteroides finegoldii	0.008490001698000349
d__Bacteria;p__Firmicutes_A;c__Clostridia;o__Lachnospirales;f__Lachnospiraceae;g__Eubacterium_I;s__Eubacterium_I ramulus_A	0.008350001670000344
d__Bacteria;p__Firmicutes;c__Bacilli;o__ML615J-28;f__CAG-313;g__CAG-313;s__CAG-313 sp003539625	0.008190001638000337
d__Bacteria;p__Firmicutes_A;c__Clostridia;o__Oscillospirales;f__Oscillospiraceae;g__Limivicinus;s__Limivicinus sp900549865	0.008160001632000338
d__Bacteria;p__Firmicutes_A;c__Clostridia;o__TANB77;f__CAG-508;g__Merdicola;s__Merdicola sp001915925	0.007830001566000323
d__Bacteria;p__Firmicutes;c__Bacilli;o__Erysipelotrichales;f__Erysipelotrichaceae;g__Holdemania;s__Holdemania filiformis	0.00780000156000032
d__Bacteria;p__Firmicutes_A;c__Clostridia;o__Lachnospirales;f__Lachnospiraceae;g__CAG-317;s__CAG-317 sp000433215	0.007690001538000317
d__Bacteria;p__Firmicutes_A;c__Clostridia;o__Christensenellales;f__Borkfalkiaceae;g__UBA10281;s__UBA10281 sp900767815	0.007670001534000316
d__Bacteria;p__Firmicutes_A;c__Clostridia;o__Oscillospirales;f__Oscillospiraceae;g__CAG-83;s__CAG-83 sp900549395	0.00754000150800031
d__Bacteria;p__Firmicutes_A;c__Clostridia;o__Oscillospirales;f__Oscillospiraceae;g__Limivicinus;s__Limivicinus sp003150355	0.00753000150600031
d__Bacteria;p__Firmicutes;c__Bacilli;o__RFN20;f__CAG-449;g__CAG-449;s__CAG-449 sp900551385	0.0075200015040003095
d__Bacteria;p__Firmicutes_A;c__Clostridia;o__Oscillospirales;f__Oscillospiraceae;g__Dysosmobacter;s__Dysosmobacter sp014297375	0.007420001484000306
d__Bacteria;p__Firmicutes_A;c__Clostridia;o__Christensenellales;f__CAG-74;g__Egerieenecus;s__Egerieenecus sp900553315	0.007370001474000304
d__Bacteria;p__Firmicutes_A;c__Clostridia;o__Oscillospirales;f__Acutalibacteraceae;g__Clostridium_A;s__Clostridium_A leptum	0.007270001454000301
d__Bacteria;p__Bacteroidota;c__Bacteroidia;o__Bacteroidales;f__Rikenellaceae;g__Alistipes_A;s__Alistipes_A indistinctus	0.0072500014500003
d__Bacteria;p__Firmicutes_A;c__Clostridia;o__Oscillospirales;f__Oscillospiraceae;g__Lawsonibacter;s__Lawsonibacter sp900066645	0.007140001428000294
d__Bacteria;p__Firmicutes_A;c__Clostridia;o__Oscillospirales;f__Butyricicoccaceae;g__;s__	0.007230001446000299
d__Bacteria;p__Bacteroidota;c__Bacteroidia;o__Bacteroidales;f__Bacteroidaceae;g__Bacteroides;s__Bacteroides xylanisolvens	0.0070000014000002895
d__Bacteria;p__Firmicutes_A;c__Clostridia;o__Lachnospirales;f__Lachnospiraceae;g__Ventrimonas;s__Ventrimonas sp003481825	0.006940001388000285
d__Bacteria;p__Firmicutes_A;c__Clostridia;o__Oscillospirales;f__Ruminococcaceae;g__Ruminococcus_D;s__Ruminococcus_D bicirculans	0.006780001356000279
d__Bacteria;p__Firmicutes_A;c__Clostridia;o__Lachnospirales;f__Lachnospiraceae;g__Copromonas;s__Copromonas sp900066055	0.006740001348000278
d__Bacteria;p__Actinobacteriota;c__Actinomycetia;o__Actinomycetales;f__Actinomycetaceae;g__Pauljensenia;s__Pauljensenia sp000466265	0.006700001340000277
d__Bacteria;p__Firmicutes_A;c__Clostridia;o__Lachnospirales;f__Lachnospiraceae;g__Eubacterium_G;s__Eubacterium_G sp000432355	0.006690001338000275
d__Bacteria;p__Firmicutes_C;c__Negativicutes;o__Veillonellales;f__Veillonellaceae;g__Veillonella;s__Veillonella parvula_A	0.006690001338000275
d__Bacteria;p__Actinobacteriota;c__Actinomycetia;o__Actinomycetales;f__Actinomycetaceae;g__Pauljensenia;s__	0.0063200012640002605
d__Bacteria;p__Firmicutes_A;c__Clostridia;o__Oscillospirales;f__Oscillospiraceae;g__CAG-83;s__CAG-83 sp900552725	0.006040001208000249
d__Bacteria;p__Firmicutes_A;c__Clostridia;o__UBA1381;f__UBA1381;g__HGM11525;s__HGM11525 sp900770405	0.00583000116600024
d__Bacteria;p__Firmicutes_A;c__Clostridia;o__Oscillospirales;f__CAG-272;g__UMGS911;s__UMGS911 sp900545935	0.005440001088000224
d__Bacteria;p__Bacteroidota;c__Bacteroidia;o__Bacteroidales;f__Rikenellaceae;g__Alistipes;s__Alistipes onderdonkii	0.005290001058000218
d__Bacteria;p__Firmicutes_A;c__Clostridia;o__Christensenellales;f__CAG-74;g__Aphodomonas;s__Aphodomonas sp004557805	0.005210001042000215
d__Bacteria;p__Actinobacteriota;c__Actinomycetia;o__Actinomycetales;f__Actinomycetaceae;g__Pauljensenia;s__Pauljensenia sp000278725	0.005170001034000213
d__Bacteria;p__Firmicutes_A;c__Clostridia;o__Oscillospirales;f__CAG-272;g__CAG-448;s__CAG-448 sp003150135	0.005160001032000212
d__Bacteria;p__Firmicutes_A;c__Clostridia;o__Lachnospirales;f__Lachnospiraceae;g__Scatomonas;s__Scatomonas sp003481995	0.005070001014000209
d__Bacteria;p__Bacteroidota;c__Bacteroidia;o__Bacteroidales;f__Bacteroidaceae;g__Prevotella;s__Prevotella corporis	0.0050100010020002065
d__Bacteria;p__Bacteroidota;c__Bacteroidia;o__Bacteroidales;f__Bacteroidaceae;g__Bacteroides;s__Bacteroides clarus	0.004930000986000204
d__Bacteria;p__Actinobacteriota;c__Actinomycetia;o__Actinomycetales;f__Micrococcaceae;g__Rothia;s__Rothia mucilaginosa	0.004820000964000199
d__Bacteria;p__Firmicutes_A;c__Clostridia;o__Christensenellales;f__Christensenellaceae;g__NSJ-63;s__NSJ-63 sp014384805	0.0047700009540001965
d__Bacteria;p__Actinobacteriota;c__Actinomycetia;o__Actinomycetales;f__Actinomycetaceae;g__Pauljensenia;s__Pauljensenia sp001838165	0.004760000952000196
d__Bacteria;p__Firmicutes_A;c__Clostridia;o__Oscillospirales;f__Oscillospiraceae;g__Lawsonibacter;s__Lawsonibacter sp014287875	0.004720000944000195
d__Bacteria;p__Desulfobacterota_I;c__Desulfovibrionia;o__Desulfovibrionales;f__Desulfovibrionaceae;g__Bilophila;s__Bilophila wadsworthia	0.004700000940000194
d__Bacteria;p__Firmicutes;c__Bacilli;o__Lactobacillales;f__Streptococcaceae;g__Streptococcus;s__Streptococcus thermophilus	0.004670000934000192
d__Bacteria;p__Firmicutes_A;c__Clostridia;o__Christensenellales;f__CAG-74;g__RUG11247;s__RUG11247 sp902767315	0.004660000932000192
d__Bacteria;p__Firmicutes_A;c__Clostridia;o__Lachnospirales;f__Lachnospiraceae;g__Copromonas;s__Copromonas sp900066535	0.004460000892000184
d__Bacteria;p__Firmicutes_A;c__Clostridia;o__Lachnospirales;f__Lachnospiraceae;g__Limivivens;s__Limivivens sp900066135	0.004390000878000181
d__Bacteria;p__Firmicutes_A;c__Clostridia;o__Oscillospirales;f__Oscillospiraceae;g__Dysosmobacter;s__Dysosmobacter sp900763685	0.004380000876000181
d__Bacteria;p__Firmicutes_A;c__Clostridia;o__Oscillospirales;f__CAG-382;g__Woodwardibium;s__Woodwardibium sp900760275	0.004340000868000179
d__Bacteria;p__Firmicutes_A;c__Clostridia;o__Oscillospirales;f__Oscillospiraceae;g__HGM13006;s__HGM13006 sp905202605	0.004210000842000174
d__Bacteria;p__Proteobacteria;c__Gammaproteobacteria;o__Burkholderiales;f__Burkholderiaceae;g__Parasutterella;s__Parasutterella excrementihominis	0.0041600008320001715
d__Bacteria;p__Firmicutes_A;c__Clostridia;o__Oscillospirales;f__Ruminococcaceae;g__Massilioclostridium;s__Massilioclostridium coli	0.0040700008140001675
d__Bacteria;p__Firmicutes_A;c__Clostridia;o__Oscillospirales;f__Oscillospiraceae;g__Dysosmobacter;s__Dysosmobacter sp018228705	0.003950000790000163
d__Bacteria;p__Actinobacteriota;c__Coriobacteriia;o__Coriobacteriales;f__Eggerthellaceae;g__Raoultibacter;s__Raoultibacter massiliensis	0.003830000766000158
d__Bacteria;p__Firmicutes_C;c__Negativicutes;o__Veillonellales;f__Veillonellaceae;g__Veillonella;s__Veillonella atypica	0.0038000007600001566
d__Bacteria;p__Bacteroidota;c__Bacteroidia;o__Bacteroidales;f__Bacteroidaceae;g__Bacteroides;s__Bacteroides nordii	0.0036800007360001516
d__Bacteria;p__Firmicutes_A;c__Clostridia;o__Lachnospirales;f__Anaerotignaceae;g__HGM11808;s__HGM11808 sp900757025	0.0036600007320001507
d__Bacteria;p__Firmicutes_A;c__Clostridia;o__Lachnospirales;f__Lachnospiraceae;g__Merdisoma;s__Merdisoma sp900553635	0.0036300007260001493
d__Bacteria;p__Firmicutes_A;c__Clostridia;o__Lachnospirales;f__Lachnospiraceae;g__Blautia_A;s__Blautia_A sp900120195	0.0035000007000001447
d__Bacteria;p__Firmicutes;c__Bacilli;o__Acholeplasmatales;f__Anaeroplasmataceae;g__CAG-307;s__CAG-307 sp001916215	0.0033800006760001393
d__Bacteria;p__Firmicutes_A;c__Clostridia;o__Oscillospirales;f__Ruminococcaceae;g__Bittarella;s__Bittarella massiliensis	0.0031700006340001307
d__Bacteria;p__Firmicutes_A;c__Clostridia;o__Oscillospirales;f__Ruminococcaceae;g__Anaerotruncus;s__Anaerotruncus sp014385085	0.0031200006240001284
d__Bacteria;p__Actinobacteriota;c__Actinomycetia;o__Actinomycetales;f__Actinomycetaceae;g__Actinomyces;s__Actinomyces oris_C	0.0030200006040001243
d__Bacteria;p__Firmicutes_A;c__Clostridia;o__Lachnospirales;f__Lachnospiraceae;g__CAG-194;s__CAG-194 sp000432915	0.002970000594000122
d__Bacteria;p__Bacteroidota;c__Bacteroidia;o__Bacteroidales;f__Marinifilaceae;g__Butyricimonas;s__Butyricimonas faecihominis	0.002810000562000116
d__Bacteria;p__Bacteroidota;c__Bacteroidia;o__Bacteroidales;f__Barnesiellaceae;g__UMGS27;s__UMGS27 sp900538555	0.0027600005520001135
d__Bacteria;p__Actinobacteriota;c__Actinomycetia;o__Actinomycetales;f__Actinomycetaceae;g__Actinomyces;s__Actinomyces oris	0.002640000528000109
d__Bacteria;p__Actinobacteriota;c__Coriobacteriia;o__Coriobacteriales;f__Eggerthellaceae;g__Eggerthella;s__Eggerthella lenta	0.002600000520000107
d__Bacteria;p__Firmicutes;c__Bacilli;o__Lactobacillales;f__Enterococcaceae;g__Enterococcus;s__Enterococcus faecalis	0.0024300004860001
d__Bacteria;p__Actinobacteriota;c__Actinomycetia;o__Actinomycetales;f__Actinomycetaceae;g__Actinomyces;s__Actinomyces sp000220835	0.0024200004840001
d__Bacteria;p__Firmicutes_A;c__Clostridia;o__Lachnospirales;f__Lachnospiraceae;g__Acetatifactor;s__Acetatifactor sp900760705	0.002370000474000098
d__Bacteria;p__Firmicutes;c__Bacilli;o__Haloplasmatales_A;f__Turicibacteraceae;g__Turicibacter;s__Turicibacter sp001543345	0.002330000466000096
d__Bacteria;p__Firmicutes_A;c__Clostridia;o__Oscillospirales;f__Oscillospiraceae;g__Dysosmobacter;s__Dysosmobacter sp900115635	0.002210000442000091
d__Bacteria;p__Firmicutes_A;c__Clostridia;o__Oscillospirales;f__CAG-382;g__UMGS1387;s__UMGS1387 sp900551295	0.002060000412000085
d__Bacteria;p__Firmicutes_A;c__Clostridia;o__Peptostreptococcales;f__Anaerovoracaceae;g__Mogibacterium;s__Mogibacterium diversum	0.002060000412000085
d__Bacteria;p__Firmicutes_A;c__Clostridia;o__Christensenellales;f__CAG-314;g__Fimimonas;s__Fimimonas sp003537755	0.0019300003860000796
d__Bacteria;p__Firmicutes_A;c__Clostridia;o__Lachnospirales;f__Lachnospiraceae;g__Mediterraneibacter;s__Mediterraneibacter sp900120155	0.0018800003760000774
d__Bacteria;p__Campylobacterota;c__Campylobacteria;o__Campylobacterales;f__Campylobacteraceae;g__Campylobacter_B;s__Campylobacter_B hominis	0.0018700003740000771
d__Bacteria;p__Bacteroidota;c__Bacteroidia;o__Bacteroidales;f__Marinifilaceae;g__Gabonibacter;s__Gabonibacter massiliensis	0.0018600003720000767
d__Bacteria;p__Firmicutes_A;c__Clostridia;o__Lachnospirales;f__Lachnospiraceae;g__Eubacterium_G;s__Eubacterium_G sp000434315	0.0018600003720000767
d__Bacteria;p__Firmicutes_A;c__Clostridia;o__Clostridiales;f__Clostridiaceae;g__Clostridium;s__Clostridium sp000435835	0.0018000003600000742
d__Bacteria;p__Firmicutes_A;c__Clostridia;o__Lachnospirales;f__Lachnospiraceae;g__Bariatricus;s__Bariatricus sp905216215	0.0017500003500000724
d__Bacteria;p__Firmicutes;c__Bacilli;o__Lactobacillales;f__Streptococcaceae;g__Lactococcus;s__Lactococcus cremoris	0.0017100003420000703
d__Bacteria;p__Firmicutes_A;c__Clostridia;o__Oscillospirales;f__Oscillospiraceae;g__CAG-83;s__CAG-83 sp900547745	0.0016800003360000694
d__Bacteria;p__Firmicutes_A;c__Clostridia;o__Oscillospirales;f__Acutalibacteraceae;g__UMGS1591;s__	0.0015900003180000656
d__Bacteria;p__Firmicutes;c__Bacilli;o__Lactobacillales;f__Streptococcaceae;g__Streptococcus;s__Streptococcus sanguinis	0.0015900003180000656
d__Bacteria;p__Firmicutes_A;c__Clostridia;o__TANB77;f__CAG-508;g__CAG-269;s__CAG-269 sp003525075	0.0015800003160000651
d__Bacteria;p__Firmicutes_A;c__Clostridia;o__Oscillospirales;f__BX7;g__BX7;s__BX7 sp014384765	0.0014600002920000601
d__Bacteria;p__Firmicutes_A;c__Clostridia;o__Oscillospirales;f__Ruminococcaceae;g__Gemmiger;s__Gemmiger sp900540775	0.0014400002880000594
d__Bacteria;p__Firmicutes_A;c__Clostridia;o__Oscillospirales;f__Ruminococcaceae;g__Anaerotruncus;s__Anaerotruncus rubiinfantis	0.0014400002880000594
d__Bacteria;p__Firmicutes_A;c__Clostridia;o__Christensenellales;f__CAG-552;g__UBA10677;s__UBA10677 sp003533505	0.0014200002840000588
d__Bacteria;p__Firmicutes_A;c__Clostridia;o__Oscillospirales;f__Oscillospiraceae;g__Marseille-P3106;s__Marseille-P3106 sp900543935	0.001310000262000054
d__Bacteria;p__Firmicutes_A;c__Clostridia;o__Oscillospirales;f__Acutalibacteraceae;g__UMGS1264;s__UMGS1264 sp904399395	0.0012000002400000495
d__Bacteria;p__Firmicutes_A;c__Clostridia;o__Lachnospirales;f__Lachnospiraceae;g__Enterocloster;s__Enterocloster citroniae	0.0011100002220000458
d__Bacteria;p__Firmicutes_A;c__Clostridia;o__Monoglobales;f__Monoglobaceae;g__UMGS1820;s__UMGS1820 sp900545865	0.0011000002200000454
d__Bacteria;p__Bacteroidota;c__Bacteroidia;o__Bacteroidales;f__Marinifilaceae;g__Odoribacter;s__Odoribacter sp900544025	0.0010300002060000424
d__Bacteria;p__Firmicutes_A;c__Clostridia;o__Oscillospirales;f__Oscillospiraceae;g__An92;s__An92 sp900199495	0.0009800001960000404
d__Bacteria;p__Firmicutes_A;c__Clostridia;o__Christensenellales;f__CAG-74;g__Ventricola;s__	0.0009300001860000383
d__Bacteria;p__Firmicutes_A;c__Clostridia;o__Oscillospirales;f__Oscillospiraceae;g__Flavonifractor;s__Flavonifractor plautii	0.0008800001760000363
d__Bacteria;p__Firmicutes_A;c__Clostridia;o__Lachnospirales;f__Lachnospiraceae;g__Ventrisoma;s__Ventrisoma faecale	0.000800000160000033
d__Bacteria;p__Firmicutes_A;c__Clostridia;o__Oscillospirales;f__Ruminococcaceae;g__Avimicrobium;s__Avimicrobium caecorum	0.0007900001580000326
d__Bacteria;p__Firmicutes_A;c__Clostridia;o__Oscillospirales;f__Oscillospiraceae;g__Faecousia;s__Faecousia sp900546415	0.0007600001520000313
d__Bacteria;p__Firmicutes_A;c__Clostridia;o__Oscillospirales;f__CAG-272;g__HGM12669;s__HGM12669 sp900761935	0.0007500001500000309
d__Bacteria;p__Firmicutes_A;c__Clostridia;o__Monoglobales;f__Monoglobaceae;g__UMGS1326;s__UMGS1326 sp900550775	0.0007500001500000309
d__Bacteria;p__Firmicutes_A;c__Clostridia;o__Oscillospirales;f__Acutalibacteraceae;g__CAG-177;s__CAG-177 sp000431775	0.0007500001500000309
d__Bacteria;p__Bacteroidota;c__Bacteroidia;o__Bacteroidales;f__Coprobacteraceae;g__Coprobacter;s__Coprobacter fastidiosus	0.0007300001460000301
d__Bacteria;p__Firmicutes_A;c__Clostridia;o__Lachnospirales;f__Lachnospiraceae;g__Oribacterium;s__Oribacterium sinus	0.0006400001280000264
d__Bacteria;p__Actinobacteriota;c__Actinomycetia;o__Actinomycetales;f__Actinomycetaceae;g__Actinomyces;s__Actinomyces naeslundii	0.0006200001240000255
d__Bacteria;p__Firmicutes_A;c__Clostridia;o__Tissierellales;f__Peptoniphilaceae;g__Ezakiella;s__Ezakiella sp900540185	0.000560000112000023
d__Bacteria;p__Firmicutes_A;c__Clostridia;o__Lachnospirales;f__Lachnospiraceae;g__Acetatifactor;s__Acetatifactor sp900755865	0.0005500001100000227
d__Bacteria;p__Firmicutes_A;c__Clostridia;o__Oscillospirales;f__Oscillospiraceae;g__Pseudoscilispira;s__Pseudoscilispira sp018369915	0.0005300001060000218
d__Bacteria;p__Firmicutes;c__Bacilli;o__Erysipelotrichales;f__Erysipelotrichaceae;g__Bulleidia;s__Bulleidia sp015256775	0.0005100001020000211
d__Bacteria;p__Firmicutes_A;c__Clostridia;o__Oscillospirales;f__Acutalibacteraceae;g__;s__	0.00045000009000001855
d__Bacteria;p__Firmicutes_A;c__Clostridia;o__Oscillospirales;f__Ruminococcaceae;g__Fournierella;s__Fournierella excrementavium	0.0004300000860000177
d__Bacteria;p__Firmicutes;c__Bacilli;o__Lactobacillales;f__Streptococcaceae;g__Streptococcus;s__Streptococcus sobrinus	0.0003700000740000152
d__Bacteria;p__Firmicutes;c__Bacilli;o__Lactobacillales;f__Lactobacillaceae;g__Lacticaseibacillus;s__Lacticaseibacillus paracasei	0.00036000007200001486
d__Bacteria;p__Firmicutes_A;c__Clostridia;o__Oscillospirales;f__Oscillospiraceae;g__Evtepia;s__Evtepia excrementipullorum	0.000340000068000014
d__Bacteria;p__Firmicutes_A;c__Clostridia;o__Peptostreptococcales;f__Anaerovoracaceae;g__Eubacterium_B;s__Eubacterium_B sulci	0.0003200000640000132
d__Bacteria;p__Actinobacteriota;c__Actinomycetia;o__Actinomycetales;f__Actinomycetaceae;g__Actinomyces;s__Actinomyces johnsonii	0.00031000006200001276
d__Bacteria;p__Firmicutes_A;c__Clostridia;o__Christensenellales;f__GCA-900066905;g__GCA-900066905;s__GCA-900066905 sp900066905	0.00029000005800001197
d__Bacteria;p__Actinobacteriota;c__Actinomycetia;o__Actinomycetales;f__Actinomycetaceae;g__Pauljensenia;s__Pauljensenia sp000411415	0.0002500000500000103
d__Bacteria;p__Actinobacteriota;c__Actinomycetia;o__Actinomycetales;f__Actinomycetaceae;g__Actinomyces;s__Actinomyces massiliensis	0.00023000004600000947
d__Bacteria;p__Bacteroidota;c__Bacteroidia;o__Bacteroidales;f__Bacteroidaceae;g__Bacteroides;s__Bacteroides stercorirosoris	0.00015000003000000618
d__Bacteria;p__Firmicutes_A;c__Clostridia;o__Oscillospirales;f__Ruminococcaceae;g__UMGS1668;s__UMGS1668 sp900553955	0.00014000002800000576
d__Bacteria;p__Firmicutes_A;c__Clostridia;o__Oscillospirales;f__UBA644;g__UBA644;s__UBA644 sp014872655	0.00014000002800000576
d__Bacteria;p__Patescibacteria;c__Saccharimonadia;o__Saccharimonadales;f__Nanogingivalaceae;g__Nanogingivalis;s__Nanogingivalis sp015257795	0.00012000002400000495
d__Bacteria;p__Bacteroidota;c__Bacteroidia;o__Bacteroidales;f__Bacteroidaceae;g__Bacteroides;s__Bacteroides salyersiae	8.00000160000033e-05
d__Bacteria;p__Firmicutes_A;c__Clostridia;o__Christensenellales;f__NSJ-53;g__NSJ-53;s__NSJ-53 sp014384795	8.00000160000033e-05
d__Bacteria;p__Firmicutes;c__Bacilli;o__Lactobacillales;f__Streptococcaceae;g__Streptococcus;s__Streptococcus anginosus	7.000001400000288e-05
d__Bacteria;p__Firmicutes_A;c__Clostridia;o__Christensenellales;f__Christensenellaceae;g__Christensenella;s__	6.0000012000002474e-05
d__Bacteria;p__Firmicutes_A;c__Clostridia;o__Oscillospirales;f__Ruminococcaceae;g__;s__	6.0000012000002474e-05
d__Bacteria;p__Firmicutes_A;c__Clostridia;o__Oscillospirales;f__Oscillospiraceae;g__HGM12998;s__HGM12998 sp900756495	5.000001000000206e-05
d__Bacteria;p__Actinobacteriota;c__Actinomycetia;o__Actinomycetales;f__Actinomycetaceae;g__Pauljensenia;s__Pauljensenia sp902373545	5.000001000000206e-05
d__Bacteria;p__Firmicutes_A;c__Clostridia;o__Lachnospirales;f__Lachnospiraceae;g__AF33-28;s__AF33-28 sp003477885	2.0000004000000826e-05
d__Bacteria;p__Firmicutes_A;c__Clostridia;o__Oscillospirales;f__Ruminococcaceae;g__Marseille-P2935;s__Marseille-P2935 sp900104565	1.0000002000000413e-05
